,name,impervious_fraction,max_3day_rain_mm,peak_30min_intensity_mm,year
115,Abbigere Lake,0.2906080774095313,79.80999792739749,9.220000267028809,2020
277,Abbigere Lake,0.2463530090744993,58.779998514801264,8.269999504089355,2021
439,Abbigere Lake,0.2754890283286466,117.69999729841948,9.09000015258789,2022
601,Abbigere Lake,0.3983140341613764,58.109998618252575,4.605000019073486,2023
763,Abbigere Lake,0.4072872281641024,76.2749980604276,6.420000076293945,2024
925,Abbigere Lake,0.3419913552807692,97.92499818746,6.605000019073486,2025
59,Agara Lake,0.0288369378225608,76.81999846175313,7.144999980926514,2020
221,Agara Lake,0.0229417547308921,63.28999811597168,5.569999694824219,2021
383,Agara Lake,0.0221583927254853,97.71999745536596,8.40999984741211,2022
545,Agara Lake,0.0190249447038584,70.4099979000166,6.529999732971191,2023
707,Agara Lake,0.0246835831899729,84.55499797128141,7.349999904632568,2024
869,Agara Lake,0.0210831899729663,97.16499748453498,7.514999866485596,2025
10,Agrahara Lake,0.645747440482586,82.59999796561897,7.794999599456787,2020
172,Agrahara Lake,0.5370918970360251,64.42999852448702,4.339999675750732,2021
334,Agrahara Lake,0.4103148168045556,114.18499760236593,11.094999313354492,2022
496,Agrahara Lake,0.4349598612411549,60.82999871019274,5.019999980926514,2023
658,Agrahara Lake,0.5822959677047997,83.36999793257564,4.539999961853027,2024
820,Agrahara Lake,0.6264378578335815,101.86999773513526,4.84499979019165,2025
50,Akshaynagar Lake,0.9467213996233012,66.52499807905406,6.309999942779541,2020
212,Akshaynagar Lake,0.9490719261105084,78.96499759331346,5.670000076293945,2021
374,Akshaynagar Lake,0.9537729790849232,111.43999750632791,8.09999942779541,2022
536,Akshaynagar Lake,0.9381028025035412,63.59999836515635,4.654999732971191,2023
698,Akshaynagar Lake,0.9506389437686468,96.47499763779342,7.039999961853027,2024
860,Akshaynagar Lake,0.937319293674472,99.87499761022627,8.489999771118164,2025
130,Allalasandra Lake,0.1833243286386129,79.80999792739749,9.220000267028809,2020
292,Allalasandra Lake,0.1862651800734292,58.779998514801264,8.269999504089355,2021
454,Allalasandra Lake,0.1957661562641977,117.69999729841948,9.09000015258789,2022
616,Allalasandra Lake,0.1837203305541571,58.109998618252575,4.605000019073486,2023
778,Allalasandra Lake,0.1762454106754749,76.2749980604276,6.420000076293945,2024
940,Allalasandra Lake,0.1795024496862682,97.92499818746,6.605000019073486,2025
74,Ambalipura Lower Lake,0.6428128206230915,76.81999846175313,7.144999980926514,2020
236,Ambalipura Lower Lake,0.6090594646400727,63.28999811597168,5.569999694824219,2021
398,Ambalipura Lower Lake,0.6248548556543321,97.71999745536596,8.40999984741211,2022
560,Ambalipura Lower Lake,0.5951901160540397,70.4099979000166,6.529999732971191,2023
722,Ambalipura Lower Lake,0.6664813324404524,84.55499797128141,7.349999904632568,2024
884,Ambalipura Lower Lake,0.6120483630175279,97.16499748453498,7.514999866485596,2025
132,Ambalipura Upper Lake,0.4884217446332686,76.81999846175313,7.144999980926514,2020
294,Ambalipura Upper Lake,0.477083102935575,63.28999811597168,5.569999694824219,2021
456,Ambalipura Upper Lake,0.448099064892297,97.71999745536596,8.40999984741211,2022
618,Ambalipura Upper Lake,0.4211609589461916,70.4099979000166,6.529999732971191,2023
780,Ambalipura Upper Lake,0.484363672110198,84.55499797128141,7.349999904632568,2024
942,Ambalipura Upper Lake,0.4812456224425852,97.16499748453498,7.514999866485596,2025
120,Amruthalli Lake,0.5997476298079284,79.817578704384,9.21612836304369,2020
282,Amruthalli Lake,0.5092136611484992,58.795350267296016,8.259321205936144,2021
444,Amruthalli Lake,0.5576613695534706,117.69044660722297,9.095447984590638,2022
606,Amruthalli Lake,0.6743135039544139,58.1173891966819,4.606127625567075,2023
768,Amruthalli Lake,0.6579125116667486,76.29427605720649,6.414891882241285,2024
930,Amruthalli Lake,0.6007208822518054,97.93571724171558,6.600217879629558,2025
127,Anchepalya Lake,0.0516896227747517,76.25999812595546,5.414999961853027,2020
289,Anchepalya Lake,0.050790005342438,62.13499832805246,8.03499984741211,2021
451,Anchepalya Lake,0.0666760824577671,107.0749971345067,11.130000114440918,2022
613,Anchepalya Lake,0.0687270873887759,57.074998607859015,4.304999828338623,2023
775,Anchepalya Lake,0.0904069463975388,74.58999807480723,8.385000228881836,2024
937,Anchepalya Lake,0.0835262547053369,98.86999696306884,8.869999885559082,2025
73,Andrahalli Lake,0.6895918486422086,76.25999812595546,5.414999961853027,2020
235,Andrahalli Lake,0.6643675972472589,62.13499832805246,8.03499984741211,2021
397,Andrahalli Lake,0.613894527375407,107.0749971345067,11.130000114440918,2022
559,Andrahalli Lake,0.6474746575195236,57.074998607859015,4.304999828338623,2023
721,Andrahalli Lake,0.765077278827168,74.58999807480723,8.385000228881836,2024
883,Andrahalli Lake,0.7186547065922698,98.86999696306884,8.869999885559082,2025
146,Arekere lake,0.4922407145117535,78.18398694309282,6.2491052132933635,2020
308,Arekere lake,0.4426034084938905,74.80542316225304,5.777736596116716,2021
470,Arekere lake,0.4421702034834599,105.88921362554866,7.7580526161276495,2022
632,Arekere lake,0.5158242723845633,69.80188688895396,5.413841024942487,2023
794,Arekere lake,0.4599776945505269,91.23337138594444,7.381946773520792,2024
956,Arekere lake,0.451414982748609,94.76452987184751,7.754579597675507,2025
123,Attur Lake,0.0,72.05499899107963,7.204999923706055,2020
285,Attur Lake,0.0,68.73999839555472,9.994999885559082,2021
447,Attur Lake,0.0,127.49449767544866,10.699999809265137,2022
609,Attur Lake,0.0,60.35999889485538,6.355000019073486,2023
771,Attur Lake,0.0043616786170317,77.57499824557453,5.179999828338623,2024
933,Attur Lake,0.0113078283076318,99.66999763716012,8.434999465942383,2025
22,Avalahalli Lake,0.5910297533458685,78.96999865118414,6.244999885559082,2020
184,Avalahalli Lake,0.4739857931153139,74.524997969158,5.784999847412109,2021
346,Avalahalli Lake,0.4650542589929823,105.51499754469842,7.734999656677246,2022
508,Avalahalli Lake,0.4700961053964037,70.2199983606115,5.464999675750732,2023
670,Avalahalli Lake,0.5471555506396781,90.87999772280456,7.404999732971191,2024
832,Avalahalli Lake,0.5001259693495061,94.41999849583954,7.704999923706055,2025
118,B Channasandra Lake,1.0,82.59999796561897,7.794999599456787,2020
280,B Channasandra Lake,0.9443992322456816,64.42999852448702,4.339999675750732,2021
442,B Channasandra Lake,0.8856660268714014,114.18499760236593,11.094999313354492,2022
604,B Channasandra Lake,0.9334357005758158,60.82999871019274,5.019999980926514,2023
766,B Channasandra Lake,1.0,83.36999793257564,4.539999961853027,2024
928,B Channasandra Lake,1.0,101.86999773513526,4.84499979019165,2025
65,B Narayanapura Lake,0.9741578658051598,76.81999846175313,7.144999980926514,2020
227,B Narayanapura Lake,0.9725916758539572,63.28999811597168,5.569999694824219,2021
389,B Narayanapura Lake,0.8880174184890259,97.71999745536596,8.40999984741211,2022
551,B Narayanapura Lake,0.7980904766438086,70.4099979000166,6.529999732971191,2023
713,B Narayanapura Lake,0.8479290976596208,84.55499797128141,7.349999904632568,2024
875,B Narayanapura Lake,0.7941780727264911,97.16499748453498,7.514999866485596,2025
149,BEL Lake,0.4229528128386905,79.80999792739749,9.220000267028809,2020
311,BEL Lake,0.4216325916555881,58.779998514801264,8.269999504089355,2021
473,BEL Lake,0.428721872380666,117.69999729841948,9.09000015258789,2022
635,BEL Lake,0.4765568631544691,58.109998618252575,4.605000019073486,2023
797,BEL Lake,0.4784266647835605,76.2749980604276,6.420000076293945,2024
959,BEL Lake,0.4379480692532769,97.92499818746,6.605000019073486,2025
109,Bagalagunte Lake,0.9451954694921448,77.28592444935602,6.514619734237611,2020
271,Bagalagunte Lake,0.9600709849157054,61.16542570384549,8.102913184668449,2021
433,Bagalagunte Lake,0.8896080171198912,110.14555149055646,10.54045369819858,2022
595,Bagalagunte Lake,0.8958713920350747,57.374106724696425,4.391697887469519,2023
757,Bagalagunte Lake,0.9021347669502582,75.07695185983991,7.8171282585208415,2024
919,Bagalagunte Lake,0.9365833289837674,98.59689860427883,8.215429993869957,2025
25,Basapura Lake,0.4241520124628588,66.52499807905406,6.309999942779541,2020
187,Basapura Lake,0.4144791625057229,78.96499759331346,5.670000076293945,2021
349,Basapura Lake,0.427246218278245,111.43999750632791,8.09999942779541,2022
511,Basapura Lake,0.5204841341293664,63.59999836515635,4.654999732971191,2023
673,Basapura Lake,0.5318438947048213,96.47499763779342,7.039999961853027,2024
835,Basapura Lake,0.5644237003260131,99.87499761022627,8.489999771118164,2025
27,Basavanapura Kere,0.8096156385399363,70.28999858070165,7.599999904632568,2020
189,Basavanapura Kere,0.5570554294856247,72.46499830577523,4.269999980926514,2021
351,Basavanapura Kere,0.5757837233653816,151.09499582089484,16.56999969482422,2022
513,Basavanapura Kere,0.6457929662190589,65.27499802224338,7.329999923706055,2023
675,Basavanapura Kere,0.5871177343032702,85.75499790161848,5.84499979019165,2024
837,Basavanapura Kere,0.682469592239688,118.38499637320638,7.25499963760376,2025
12,Basavanapura Pond,0.9506333314895736,78.96999865118414,6.244999885559082,2020
174,Basavanapura Pond,0.9798845806368348,74.524997969158,5.784999847412109,2021
336,Basavanapura Pond,0.9686560834854436,105.51499754469842,7.734999656677246,2022
498,Basavanapura Pond,0.8589523756844957,70.2199983606115,5.464999675750732,2023
660,Basavanapura Pond,0.9412301565352066,90.87999772280456,7.404999732971191,2024
822,Basavanapura Pond,0.8816767151575491,94.41999849583954,7.704999923706055,2025
112,Begur Lake,0.0134270254990582,66.52499807905406,6.309999942779541,2020
274,Begur Lake,7.06685552582014e-05,78.96499759331346,5.670000076293945,2021
436,Begur Lake,0.0,111.43999750632791,8.09999942779541,2022
598,Begur Lake,7.06685552582014e-05,63.59999836515635,4.654999732971191,2023
760,Begur Lake,0.0036870550569496,96.47499763779342,7.039999961853027,2024
922,Begur Lake,0.0033152770053738,99.87499761022627,8.489999771118164,2025
136,Bellandur Lake,0.0,76.81999846175313,7.144999980926514,2020
298,Bellandur Lake,0.0,63.28999811597168,5.569999694824219,2021
460,Bellandur Lake,0.0,97.71999745536596,8.40999984741211,2022
622,Bellandur Lake,0.0,70.4099979000166,6.529999732971191,2023
784,Bellandur Lake,0.0,84.55499797128141,7.349999904632568,2024
946,Bellandur Lake,0.0,97.16499748453498,7.514999866485596,2025
17,Benniganahalli Lake,0.4425470368402788,76.81999846175313,7.144999980926514,2020
179,Benniganahalli Lake,0.431882179893075,63.28999811597168,5.569999694824219,2021
341,Benniganahalli Lake,0.4272575687319782,97.71999745536596,8.40999984741211,2022
503,Benniganahalli Lake,0.458843724378088,70.4099979000166,6.529999732971191,2023
665,Benniganahalli Lake,0.4326805855384171,84.55499797128141,7.349999904632568,2024
827,Benniganahalli Lake,0.4399276521653682,97.16499748453498,7.514999866485596,2025
79,Bheemanakatte Lake,0.9931436786375826,78.03999843634665,6.565000057220459,2020
241,Bheemanakatte Lake,1.0,68.39499835297465,5.554999828338623,2021
403,Bheemanakatte Lake,0.9991552471439672,105.12999767344444,8.84999942779541,2022
565,Bheemanakatte Lake,0.9997020326289628,70.91499849408865,5.704999923706055,2023
727,Bheemanakatte Lake,1.0,78.6149985678494,10.074999809265137,2024
889,Bheemanakatte Lake,0.9999846408571628,93.39999744854867,9.050000190734863,2025
15,Bhoganahalli Lake,0.2088405596768495,75.89359040717515,7.106142018573665,2020
177,Bhoganahalli Lake,0.322582131502557,64.60675163521955,5.291812381141791,2021
339,Bhoganahalli Lake,0.2864642368950528,96.8157561072254,8.242204338242114,2022
501,Bhoganahalli Lake,0.2318696339983719,67.86038896319356,6.381633204977616,2023
663,Bhoganahalli Lake,0.3680289975272234,85.64920155443991,7.398572315462487,2024
825,Bhoganahalli Lake,0.3250057595724091,100.27009812371064,7.887682622101802,2025
42,Byrasandra Lake,0.6515910479940301,76.81999846175313,7.144999980926514,2020
204,Byrasandra Lake,0.8713463942285544,63.28999811597168,5.569999694824219,2021
366,Byrasandra Lake,0.7025887353617755,97.71999745536596,8.40999984741211,2022
528,Byrasandra Lake,0.6566954235679652,70.4099979000166,6.529999732971191,2023
690,Byrasandra Lake,0.6428534135127754,84.55499797128141,7.349999904632568,2024
852,Byrasandra Lake,0.6902516254457121,97.16499748453498,7.514999866485596,2025
143,Byrasandra Melina Kere,0.76427321028224,76.81999846175313,7.144999980926514,2020
305,Byrasandra Melina Kere,0.7400939774576953,63.28999811597168,5.569999694824219,2021
467,Byrasandra Melina Kere,0.7634900648014502,97.71999745536596,8.40999984741211,2022
629,Byrasandra Melina Kere,0.7713215196093492,70.4099979000166,6.529999732971191,2023
791,Byrasandra Melina Kere,0.7423451368201228,84.55499797128141,7.349999904632568,2024
953,Byrasandra Melina Kere,0.7486103006664421,97.16499748453498,7.514999866485596,2025
41,Carmelaram Lake,0.2498487003591253,71.5749982856214,6.924999713897705,2020
203,Carmelaram Lake,0.320454175409277,70.74499854072928,3.994999885559082,2021
365,Carmelaram Lake,0.2985963694230337,92.60049746092407,7.460000038146973,2022
527,Carmelaram Lake,0.3685536368747176,55.97499892022461,5.690000057220459,2023
689,Carmelaram Lake,0.4031881983208044,90.74999806657434,7.625,2024
851,Carmelaram Lake,0.431223944973012,114.74499726854263,9.625,2025
119,Chandrasekhar Layout Lake,0.950557655083418,66.52499807905406,6.309999942779541,2020
281,Chandrasekhar Layout Lake,0.8932712692414052,78.96499759331346,5.670000076293945,2021
443,Chandrasekhar Layout Lake,0.9655267766614436,111.43999750632791,8.09999942779541,2022
605,Chandrasekhar Layout Lake,0.9600424002212188,63.59999836515635,4.654999732971191,2023
767,Chandrasekhar Layout Lake,0.9993332718837374,96.47499763779342,7.039999961853027,2024
929,Chandrasekhar Layout Lake,0.8852459520078656,99.87499761022627,8.489999771118164,2025
93,Chelekere,0.7917101691376072,82.59999796561897,7.794999599456787,2020
255,Chelekere,0.7737001461683025,64.42999852448702,4.339999675750732,2021
417,Chelekere,0.7525579452912927,114.18499760236593,11.094999313354492,2022
579,Chelekere,0.7744831906452289,60.82999871019274,5.019999980926514,2023
741,Chelekere,0.788577991229902,83.36999793257564,4.539999961853027,2024
903,Chelekere,0.7549070787220716,101.86999773513526,4.84499979019165,2025
151,Chikka Beguru Lake,0.4741245291598306,66.52499807905406,6.309999942779541,2020
313,Chikka Beguru Lake,0.4258791576799945,78.96499759331346,5.670000076293945,2021
475,Chikka Beguru Lake,0.4140075334427097,111.43999750632791,8.09999942779541,2022
637,Chikka Beguru Lake,0.4203949834399445,63.59999836515635,4.654999732971191,2023
799,Chikka Beguru Lake,0.4746714104005752,96.47499763779342,7.039999961853027,2024
961,Chikka Beguru Lake,0.4635709501600702,99.87499761022627,8.489999771118164,2025
113,Chikka Bellanduru Lake,0.0185617557786598,71.5749982856214,6.924999713897705,2020
275,Chikka Bellanduru Lake,0.0202575666343069,70.74499854072928,3.994999885559082,2021
437,Chikka Bellanduru Lake,0.0599032896272902,92.60049746092407,7.460000038146973,2022
599,Chikka Bellanduru Lake,0.0597681162982169,55.97499892022461,5.690000057220459,2023
761,Chikka Bellanduru Lake,0.1042186367155338,90.74999806657434,7.625,2024
923,Chikka Bellanduru Lake,0.057000135173329,114.74499726854263,9.625,2025
0,Chikkabettahalli Lake,0.8205377727159706,79.80999792739749,9.220000267028809,2020
162,Chikkabettahalli Lake,0.7200714656286558,58.779998514801264,8.269999504089355,2021
324,Chikkabettahalli Lake,0.758745176530541,117.69999729841948,9.09000015258789,2022
486,Chikkabettahalli Lake,0.8309137961203499,58.109998618252575,4.605000019073486,2023
648,Chikkabettahalli Lake,0.8084150163775405,76.2749980604276,6.420000076293945,2024
810,Chikkabettahalli Lake,0.8269997636231359,97.92499818746,6.605000019073486,2025
87,Chikkalasandra lake,1.0,78.03999843634665,6.565000057220459,2020
249,Chikkalasandra lake,1.0,68.39499835297465,5.554999828338623,2021
411,Chikkalasandra lake,1.0,105.12999767344444,8.84999942779541,2022
573,Chikkalasandra lake,1.0,70.91499849408865,5.704999923706055,2023
735,Chikkalasandra lake,1.0,78.6149985678494,10.074999809265137,2024
897,Chikkalasandra lake,1.0,93.39999744854867,9.050000190734863,2025
71,Chinnappanahalli Lake,0.7396778107099531,71.5749982856214,6.924999713897705,2020
233,Chinnappanahalli Lake,0.6740636085814767,70.74499854072928,3.994999885559082,2021
395,Chinnappanahalli Lake,0.7235284180782287,92.60049746092407,7.460000038146973,2022
557,Chinnappanahalli Lake,0.6600887633029779,55.97499892022461,5.690000057220459,2023
719,Chinnappanahalli Lake,0.5690956278698346,90.74999806657434,7.625,2024
881,Chinnappanahalli Lake,0.7626886988036921,114.74499726854263,9.625,2025
2,Chokkanahalli Lake,0.618273859226878,82.59999796561897,7.794999599456787,2020
164,Chokkanahalli Lake,0.6090457537207139,64.42999852448702,4.339999675750732,2021
326,Chokkanahalli Lake,0.6014876713001628,114.18499760236593,11.094999313354492,2022
488,Chokkanahalli Lake,0.6051101478461621,60.82999871019274,5.019999980926514,2023
650,Chokkanahalli Lake,0.6227466967925741,83.36999793257564,4.539999961853027,2024
812,Chokkanahalli Lake,0.6393947394272811,101.86999773513526,4.84499979019165,2025
131,Chudahalli Lake,0.0,78.96999865118414,6.244999885559082,2020
293,Chudahalli Lake,0.0,74.524997969158,5.784999847412109,2021
455,Chudahalli Lake,0.0,105.51499754469842,7.734999656677246,2022
617,Chudahalli Lake,0.0,70.2199983606115,5.464999675750732,2023
779,Chudahalli Lake,0.0,90.87999772280456,7.404999732971191,2024
941,Chudahalli Lake,0.0,94.41999849583954,7.704999923706055,2025
51,Chunchagatta Lake,0.6389477759138751,78.96999865118414,6.244999885559082,2020
213,Chunchagatta Lake,0.7462993345254113,74.524997969158,5.784999847412109,2021
375,Chunchagatta Lake,0.6274540527586776,105.51499754469842,7.734999656677246,2022
537,Chunchagatta Lake,0.6360443895514957,70.2199983606115,5.464999675750732,2023
699,Chunchagatta Lake,0.8346913193356315,90.87999772280456,7.404999732971191,2024
861,Chunchagatta Lake,0.739125358698791,94.41999849583954,7.704999923706055,2025
54,Dasarahalli Tank,0.6328062634326065,79.80999792739749,9.220000267028809,2020
216,Dasarahalli Tank,0.6030549585508135,58.779998514801264,8.269999504089355,2021
378,Dasarahalli Tank,0.5592109303039606,117.69999729841948,9.09000015258789,2022
540,Dasarahalli Tank,0.551381639545594,58.109998618252575,4.605000019073486,2023
702,Dasarahalli Tank,0.6962235185753759,76.2749980604276,6.420000076293945,2024
864,Dasarahalli Tank,0.6210623272950566,97.92499818746,6.605000019073486,2025
75,Deepanjali Nagara Kere,0.973370191200184,78.03999843634665,6.565000057220459,2020
237,Deepanjali Nagara Kere,0.948306841741534,68.39499835297465,5.554999828338623,2021
399,Deepanjali Nagara Kere,0.9365583966827922,105.12999767344444,8.84999942779541,2022
561,Deepanjali Nagara Kere,0.932642248329878,70.91499849408865,5.704999923706055,2023
723,Deepanjali Nagara Kere,1.0,78.6149985678494,10.074999809265137,2024
885,Deepanjali Nagara Kere,0.9389080856945402,93.39999744854867,9.050000190734863,2025
55,Devasandra lake,0.7478480639485072,70.3392302598984,7.574138892586617,2020
217,Devasandra lake,0.7047786338776001,72.39910064344352,4.2594640123793175,2021
379,Devasandra lake,0.6288198208434546,148.85391952569805,16.220971925508376,2022
541,Devasandra lake,0.6319521430304296,64.91869088025155,7.267167265456919,2023
703,Devasandra lake,0.7180910031722441,85.9463693430026,5.9131962255401165,2024
865,Devasandra lake,0.6397829484978673,118.24553854491975,7.345800512569612,2025
20,Deverabisanahalli Lake,0.5305893628393609,76.81999846175313,7.144999980926514,2020
182,Deverabisanahalli Lake,0.6843225675650764,63.28999811597168,5.569999694824219,2021
344,Deverabisanahalli Lake,0.6545564573106668,97.71999745536596,8.40999984741211,2022
506,Deverabisanahalli Lake,0.6553397760015723,70.4099979000166,6.529999732971191,2023
668,Deverabisanahalli Lake,0.6354526967665829,84.55499797128141,7.349999904632568,2024
830,Deverabisanahalli Lake,0.6874558423286985,97.16499748453498,7.514999866485596,2025
95,Doddabidirakallu Kere,0.4042984341418483,76.25999812595546,5.414999961853027,2020
257,Doddabidirakallu Kere,0.2244857230580288,62.13499832805246,8.03499984741211,2021
419,Doddabidirakallu Kere,0.2286091495241019,107.0749971345067,11.130000114440918,2022
581,Doddabidirakallu Kere,0.2393183911575069,57.074998607859015,4.304999828338623,2023
743,Doddabidirakallu Kere,0.1866595026097635,74.58999807480723,8.385000228881836,2024
905,Doddabidirakallu Kere,0.4682130795210316,98.86999696306884,8.869999885559082,2025
139,Doddabommasandra Kere,0.0,79.80999792739749,9.220000267028809,2020
301,Doddabommasandra Kere,0.0,58.779998514801264,8.269999504089355,2021
463,Doddabommasandra Kere,0.0,117.69999729841948,9.09000015258789,2022
625,Doddabommasandra Kere,0.0,58.109998618252575,4.605000019073486,2023
787,Doddabommasandra Kere,0.0,76.2749980604276,6.420000076293945,2024
949,Doddabommasandra Kere,0.0,97.92499818746,6.605000019073486,2025
66,Doddakalasandra Lake,0.5518604886951234,78.96999865118414,6.244999885559082,2020
228,Doddakalasandra Lake,0.6889661084125245,74.524997969158,5.784999847412109,2021
390,Doddakalasandra Lake,0.6505765348916521,105.51499754469842,7.734999656677246,2022
552,Doddakalasandra Lake,0.6349073212096634,70.2199983606115,5.464999675750732,2023
714,Doddakalasandra Lake,0.8245048067617269,90.87999772280456,7.404999732971191,2024
876,Doddakalasandra Lake,0.6625895987145101,94.41999849583954,7.704999923706055,2025
77,Doddakannelli Lake,0.1015179303798052,76.81999846175313,7.144999980926514,2020
239,Doddakannelli Lake,0.1322789846056483,63.28999811597168,5.569999694824219,2021
401,Doddakannelli Lake,0.117969088412302,97.71999745536596,8.40999984741211,2022
563,Doddakannelli Lake,0.1501586745681379,70.4099979000166,6.529999732971191,2023
725,Doddakannelli Lake,0.1671290194741158,84.55499797128141,7.349999904632568,2024
887,Doddakannelli Lake,0.1862252656608572,97.16499748453498,7.514999866485596,2025
133,Doddanekundi Lake,0.0,76.81999846175313,7.144999980926514,2020
295,Doddanekundi Lake,0.0,63.28999811597168,5.569999694824219,2021
457,Doddanekundi Lake,0.0,97.71999745536596,8.40999984741211,2022
619,Doddanekundi Lake,0.0,70.4099979000166,6.529999732971191,2023
781,Doddanekundi Lake,0.0,84.55499797128141,7.349999904632568,2024
943,Doddanekundi Lake,0.0,97.16499748453498,7.514999866485596,2025
44,Doddathogur Lake,0.4299107060551495,66.52499807905406,6.309999942779541,2020
206,Doddathogur Lake,0.406766797155868,78.96499759331346,5.670000076293945,2021
368,Doddathogur Lake,0.4271360180923174,111.43999750632791,8.09999942779541,2022
530,Doddathogur Lake,0.660258970876531,63.59999836515635,4.654999732971191,2023
692,Doddathogur Lake,0.7149200164699084,96.47499763779342,7.039999961853027,2024
854,Doddathogur Lake,0.6026972548103808,99.87499761022627,8.489999771118164,2025
24,Doddkammanahalli Lake,0.2457903146509343,66.52499807905406,6.309999942779541,2020
186,Doddkammanahalli Lake,0.2840431415929206,78.96499759331346,5.670000076293945,2021
348,Doddkammanahalli Lake,0.3185502704031468,111.43999750632791,8.09999942779541,2022
510,Doddkammanahalli Lake,0.3376597836774831,63.59999836515635,4.654999732971191,2023
672,Doddkammanahalli Lake,0.3555186823992137,96.47499763779342,7.039999961853027,2024
834,Doddkammanahalli Lake,0.3576941986234025,99.87499761022627,8.489999771118164,2025
142,Dore Kere,0.2558164541212105,78.03999843634665,6.565000057220459,2020
304,Dore Kere,0.2042126089481071,68.39499835297465,5.554999828338623,2021
466,Dore Kere,0.2404677126504226,105.12999767344444,8.84999942779541,2022
628,Dore Kere,0.319696834706097,70.91499849408865,5.704999923706055,2023
790,Dore Kere,0.3087259868693909,78.6149985678494,10.074999809265137,2024
952,Dore Kere,0.3118995757283428,93.39999744854867,9.050000190734863,2025
72,Dubasi Palya Kere,0.7293505839277054,76.58999805338681,6.224999904632568,2020
234,Dubasi Palya Kere,0.724285372012017,91.11499709263444,10.389999389648438,2021
396,Dubasi Palya Kere,0.6773284923545716,103.65999781433491,8.96500015258789,2022
558,Dubasi Palya Kere,0.7446506570338567,62.49999810196459,5.815000057220459,2023
720,Dubasi Palya Kere,0.7830313864980931,78.37999894283712,8.875,2024
882,Dubasi Palya Kere,0.704703367183325,102.7549975151196,8.324999809265137,2025
78,Gantiganahalli Lake,0.0097659187237398,72.05499899107963,7.204999923706055,2020
240,Gantiganahalli Lake,0.0059172505654841,68.73999839555472,9.994999885559082,2021
402,Gantiganahalli Lake,0.0016603903298376,127.49449767544866,10.699999809265137,2022
564,Gantiganahalli Lake,0.001632768309563,60.35999889485538,6.355000019073486,2023
726,Gantiganahalli Lake,0.0016603903298376,77.57499824557453,5.179999828338623,2024
888,Gantiganahalli Lake,0.0004849199114867704,99.66999763716012,8.434999465942383,2025
38,Garudacharpalya Lake,0.9279515008568427,76.81999846175313,7.144999980926514,2020
200,Garudacharpalya Lake,0.9396985387606184,63.28999811597168,5.569999694824219,2021
362,Garudacharpalya Lake,0.9326503160183532,97.71999745536596,8.40999984741211,2022
524,Garudacharpalya Lake,0.9295177725773464,70.4099979000166,6.529999732971191,2023
686,Garudacharpalya Lake,0.9263852291363396,84.55499797128141,7.349999904632568,2024
848,Garudacharpalya Lake,0.9396985387606184,97.16499748453498,7.514999866485596,2025
23,Goshala Lake,0.7832318374591946,76.81999846175313,7.144999980926514,2020
185,Goshala Lake,0.770081903024608,63.28999811597168,5.569999694824219,2021
347,Goshala Lake,0.8012584874197325,97.71999745536596,8.40999984741211,2022
509,Goshala Lake,0.7425567133148464,70.4099979000166,6.529999732971191,2023
671,Goshala Lake,0.742050001689039,84.55499797128141,7.349999904632568,2024
833,Goshala Lake,0.734777922113817,97.16499748453498,7.514999866485596,2025
48,Gottigere Tank,0.3329513017240585,78.96999865118414,6.244999885559082,2020
210,Gottigere Tank,0.2954650901973557,74.524997969158,5.784999847412109,2021
372,Gottigere Tank,0.3092950441384778,105.51499754469842,7.734999656677246,2022
534,Gottigere Tank,0.2863332032582278,70.2199983606115,5.464999675750732,2023
696,Gottigere Tank,0.2669540609550381,90.87999772280456,7.404999732971191,2024
858,Gottigere Tank,0.2563319434757092,94.41999849583954,7.704999923706055,2025
39,Gowdana Kere,0.9490795925138552,78.03999843634665,6.565000057220459,2020
201,Gowdana Kere,1.0,68.39499835297465,5.554999828338623,2021
363,Gowdana Kere,1.0,105.12999767344444,8.84999942779541,2022
525,Gowdana Kere,1.0,70.91499849408865,5.704999923706055,2023
687,Gowdana Kere,0.979631837005542,78.6149985678494,10.074999809265137,2024
849,Gowdana Kere,0.9012927485653192,93.39999744854867,9.050000190734863,2025
21,Gubbalala Kere,0.8456606161900426,78.96999865118414,6.244999885559082,2020
183,Gubbalala Kere,0.9913943542539724,74.524997969158,5.784999847412109,2021
345,Gubbalala Kere,0.867720072261616,105.51499754469842,7.734999656677246,2022
507,Gubbalala Kere,0.8574338523552612,70.2199983606115,5.464999675750732,2023
669,Gubbalala Kere,0.9749296432389916,90.87999772280456,7.404999732971191,2024
831,Gubbalala Kere,0.9553434270194536,94.41999849583954,7.704999923706055,2025
104,Gunjuru Lake,0.0,71.5749982856214,6.924999713897705,2020
266,Gunjuru Lake,0.0,70.74499854072928,3.994999885559082,2021
428,Gunjuru Lake,0.0,92.60049746092407,7.460000038146973,2022
590,Gunjuru Lake,0.0,55.97499892022461,5.690000057220459,2023
752,Gunjuru Lake,0.2027856453862362,90.74999806657434,7.625,2024
914,Gunjuru Lake,0.021853861135516,114.74499726854263,9.625,2025
61,Gunjuru Palya Lake,0.0729458166816672,71.5749982856214,6.924999713897705,2020
223,Gunjuru Palya Lake,0.075172865028583,70.74499854072928,3.994999885559082,2021
385,Gunjuru Palya Lake,0.0905901831708868,92.60049746092407,7.460000038146973,2022
547,Gunjuru Palya Lake,0.117250255726586,55.97499892022461,5.690000057220459,2023
709,Gunjuru Palya Lake,0.1581450069576062,90.74999806657434,7.625,2024
871,Gunjuru Palya Lake,0.1467240886764575,114.74499726854263,9.625,2025
64,Halagevader Halli Lake,0.8527415143603134,78.03999843634665,6.565000057220459,2020
226,Halagevader Halli Lake,0.8425587467362926,68.39499835297465,5.554999828338623,2021
388,Halagevader Halli Lake,0.8151436031331594,105.12999767344444,8.84999942779541,2022
550,Halagevader Halli Lake,0.8731070496083551,70.91499849408865,5.704999923706055,2023
712,Halagevader Halli Lake,0.8691906005221932,78.6149985678494,10.074999809265137,2024
874,Halagevader Halli Lake,0.9310704960835512,93.39999744854867,9.050000190734863,2025
110,Halasuru lake,0.0,76.81999846175313,7.144999980926514,2020
272,Halasuru lake,0.0,63.28999811597168,5.569999694824219,2021
434,Halasuru lake,0.0,97.71999745536596,8.40999984741211,2022
596,Halasuru lake,0.0,70.4099979000166,6.529999732971191,2023
758,Halasuru lake,0.0,84.55499797128141,7.349999904632568,2024
920,Halasuru lake,0.0,97.16499748453498,7.514999866485596,2025
86,Haralur Lake,0.3836871000347162,66.52499807905406,6.309999942779541,2020
248,Haralur Lake,0.3791309904545971,78.96499759331346,5.670000076293945,2021
410,Haralur Lake,0.3727745570619699,111.43999750632791,8.09999942779541,2022
572,Haralur Lake,0.4430148357742163,63.59999836515635,4.654999732971191,2023
734,Haralur Lake,0.3917271126922828,96.47499763779342,7.039999961853027,2024
896,Haralur Lake,0.3841325726504391,99.87499761022627,8.489999771118164,2025
125,Haraluru Lake,0.7829893914117441,66.52499807905406,6.309999942779541,2020
287,Haraluru Lake,0.763403596412804,78.96499759331346,5.670000076293945,2021
449,Haraluru Lake,0.7563527102131855,111.43999750632791,8.09999942779541,2022
611,Haraluru Lake,0.7555692784132279,63.59999836515635,4.654999732971191,2023
773,Haraluru Lake,0.9381088878033494,96.47499763779342,7.039999961853027,2024
935,Haraluru Lake,0.7916071412112776,99.87499761022627,8.489999771118164,2025
96,Hebbal Lake,0.0,79.80999792739749,9.220000267028809,2020
258,Hebbal Lake,0.0,58.779998514801264,8.269999504089355,2021
420,Hebbal Lake,0.0,117.69999729841948,9.09000015258789,2022
582,Hebbal Lake,0.0,58.109998618252575,4.605000019073486,2023
744,Hebbal Lake,0.0,76.2749980604276,6.420000076293945,2024
906,Hebbal Lake,0.0,97.92499818746,6.605000019073486,2025
6,Hemmigepura Kere,0.2336091387558338,83.18499769922346,7.029999732971191,2020
168,Hemmigepura Kere,0.3610521367495107,65.76999851781875,6.239999771118164,2021
330,Hemmigepura Kere,0.3802827287223746,104.38499741069973,7.859999656677246,2022
492,Hemmigepura Kere,0.4018576155786536,70.43499897420406,5.670000076293945,2023
654,Hemmigepura Kere,0.4066291620451591,85.31999820936471,8.920000076293945,2024
816,Hemmigepura Kere,0.4180095922524587,108.55499732494354,12.380000114440918,2025
135,Herohalli Kere,0.334633409290527,76.58999805338681,6.224999904632568,2020
297,Herohalli Kere,0.3186240487436352,91.11499709263444,10.389999389648438,2021
459,Herohalli Kere,0.2859358397159896,103.65999781433491,8.96500015258789,2022
621,Herohalli Kere,0.2941693128842645,62.49999810196459,5.815000057220459,2023
783,Herohalli Kere,0.3751650686992893,78.37999894283712,8.875,2024
945,Herohalli Kere,0.2821830220316809,102.7549975151196,8.324999809265137,2025
141,Hoodi Lake,0.1380755836450406,71.5749982856214,6.924999713897705,2020
303,Hoodi Lake,0.2836536394513951,70.74499854072928,3.994999885559082,2021
465,Hoodi Lake,0.3505033381855257,92.60049746092407,7.460000038146973,2022
627,Hoodi Lake,0.2404599141346207,55.97499892022461,5.690000057220459,2023
789,Hoodi Lake,0.2798517317413229,90.74999806657434,7.625,2024
951,Hoodi Lake,0.39268055990615,114.74499726854263,9.625,2025
57,Horamavu Agara Lake,0.3573777437985319,82.59999796561897,7.794999599456787,2020
219,Horamavu Agara Lake,0.2214505248872391,64.42999852448702,4.339999675750732,2021
381,Horamavu Agara Lake,0.2031385769860205,114.18499760236593,11.094999313354492,2022
543,Horamavu Agara Lake,0.1608067819300007,60.82999871019274,5.019999980926514,2023
705,Horamavu Agara Lake,0.1838594487379064,83.36999793257564,4.539999961853027,2024
867,Horamavu Agara Lake,0.1728366631970991,101.86999773513526,4.84499979019165,2025
52,Horamavu Lake,0.6985213959987103,82.59999796561897,7.794999599456787,2020
214,Horamavu Lake,0.694606089453239,64.42999852448702,4.339999675750732,2021
376,Horamavu Lake,0.6899077215986734,114.18499760236593,11.094999313354492,2022
538,Horamavu Lake,0.9201277464723856,60.82999871019274,5.019999980926514,2023
700,Horamavu Lake,0.8191128375992265,83.36999793257564,4.539999961853027,2024
862,Horamavu Lake,0.7063520090896529,101.86999773513526,4.84499979019165,2025
145,Hosakerahalli Lake,0.1681907962437912,78.03999843634665,6.565000057220459,2020
307,Hosakerahalli Lake,0.137140943844247,68.39499835297465,5.554999828338623,2021
469,Hosakerahalli Lake,0.1388488700348037,105.12999767344444,8.84999942779541,2022
631,Hosakerahalli Lake,0.170525371612178,70.91499849408865,5.704999923706055,2023
793,Hosakerahalli Lake,0.1676317268792564,78.6149985678494,10.074999809265137,2024
955,Hosakerahalli Lake,0.1570094089530966,93.39999744854867,9.050000190734863,2025
85,Hosakere,0.4007102220365429,76.58999805338681,6.224999904632568,2020
247,Hosakere,0.3627692515635941,91.11499709263444,10.389999389648438,2021
409,Hosakere,0.3567913446297134,103.65999781433491,8.96500015258789,2022
571,Hosakere,0.3637891205780073,62.49999810196459,5.815000057220459,2023
733,Hosakere,0.3678685966356606,78.37999894283712,8.875,2024
895,Hosakere,0.3825583967167587,102.7549975151196,8.324999809265137,2025
134,Hulimavu Lake,0.0,66.52499807905406,6.309999942779541,2020
296,Hulimavu Lake,0.0,78.96499759331346,5.670000076293945,2021
458,Hulimavu Lake,0.0,111.43999750632791,8.09999942779541,2022
620,Hulimavu Lake,0.0202928561772621,63.59999836515635,4.654999732971191,2023
782,Hulimavu Lake,0.0,96.47499763779342,7.039999961853027,2024
944,Hulimavu Lake,0.0109928598640793,99.87499761022627,8.489999771118164,2025
82,ISRO Layout Lake,0.9138230315244872,78.96999865118414,6.244999885559082,2020
244,ISRO Layout Lake,0.9772806174019102,74.524997969158,5.784999847412109,2021
406,ISRO Layout Lake,0.9083390426215,105.51499754469842,7.734999656677246,2022
568,ISRO Layout Lake,0.9091224696076412,70.2199983606115,5.464999675750732,2023
730,ISRO Layout Lake,0.9091224696076412,90.87999772280456,7.404999732971191,2024
892,ISRO Layout Lake,0.9099058965937822,94.41999849583954,7.704999923706055,2025
7,ITI Layout Lake,0.8715254737152547,76.81999846175313,7.144999980926514,2020
169,ITI Layout Lake,0.8754423800044238,63.28999811597168,5.569999694824219,2021
331,ITI Layout Lake,0.866041804910418,97.71999745536596,8.40999984741211,2022
493,ITI Layout Lake,0.866041804910418,70.4099979000166,6.529999732971191,2023
655,ITI Layout Lake,0.8738756174887562,84.55499797128141,7.349999904632568,2024
817,ITI Layout Lake,0.8817094300670943,97.16499748453498,7.514999866485596,2025
13,Iblur Lake,0.8253097361444339,76.81999846175313,7.144999980926514,2020
175,Iblur Lake,0.8480273040897767,63.28999811597168,5.569999694824219,2021
337,Iblur Lake,0.8018088037871829,97.71999745536596,8.40999984741211,2022
499,Iblur Lake,0.8096424479062666,70.4099979000166,6.529999732971191,2023
661,Iblur Lake,0.8112091767300833,84.55499797128141,7.349999904632568,2024
823,Iblur Lake,0.7861415155490155,97.16499748453498,7.514999866485596,2025
148,Jakkur Lake,0.0585026370239389,82.59999796561897,7.794999599456787,2020
310,Jakkur Lake,0.0696370791966747,64.42999852448702,4.339999675750732,2021
472,Jakkur Lake,0.0510919550815666,114.18499760236593,11.094999313354492,2022
634,Jakkur Lake,0.0545885444487422,60.82999871019274,5.019999980926514,2023
796,Jakkur Lake,0.0527312691483548,83.36999793257564,4.539999961853027,2024
958,Jakkur Lake,0.0480343580581189,101.86999773513526,4.84499979019165,2025
8,Jogi Kere,0.9160534264127056,78.96999865118414,6.244999885559082,2020
170,Jogi Kere,0.9333613964363954,74.524997969158,5.784999847412109,2021
332,Jogi Kere,0.8943024731377723,105.51499754469842,7.734999656677246,2022
494,Jogi Kere,0.8989052317203192,70.2199983606115,5.464999675750732,2023
656,Jogi Kere,0.9647203778072064,90.87999772280456,7.404999732971191,2024
818,Jogi Kere,0.9513115403878236,94.41999849583954,7.704999923706055,2025
29,K100,1.0,76.81999846175313,7.144999980926514,2020
191,K100,1.0,63.28999811597168,5.569999694824219,2021
353,K100,1.0,97.71999745536596,8.40999984741211,2022
515,K100,1.0,70.4099979000166,6.529999732971191,2023
677,K100,1.0,84.55499797128141,7.349999904632568,2024
839,K100,1.0,97.16499748453498,7.514999866485596,2025
31,Kacharakanahalli Lake,0.9451872232492156,82.59999796561897,7.794999599456787,2020
193,Kacharakanahalli Lake,0.903686120852193,64.42999852448702,4.339999675750732,2021
355,Kacharakanahalli Lake,0.783113365719445,114.18499760236593,11.094999313354492,2022
517,Kacharakanahalli Lake,0.9271773108882436,60.82999871019274,5.019999980926514,2023
679,Kacharakanahalli Lake,1.0,83.36999793257564,4.539999961853027,2024
841,Kacharakanahalli Lake,1.0,101.86999773513526,4.84499979019165,2025
99,Kadiranpalaya Kere,0.539945148936301,76.81999846175313,7.144999980926514,2020
261,Kadiranpalaya Kere,0.4692222880817177,63.28999811597168,5.569999694824219,2021
423,Kadiranpalaya Kere,0.4577699019376001,97.71999745536596,8.40999984741211,2022
585,Kadiranpalaya Kere,0.512808306895694,70.4099979000166,6.529999732971191,2023
747,Kadiranpalaya Kere,0.5405808807496109,84.55499797128141,7.349999904632568,2024
909,Kadiranpalaya Kere,0.5141565497268197,97.16499748453498,7.514999866485596,2025
84,Kaggadasapura Lake,0.2342768164814712,76.81999846175313,7.144999980926514,2020
246,Kaggadasapura Lake,0.1846855977543136,63.28999811597168,5.569999694824219,2021
408,Kaggadasapura Lake,0.2240711052143414,97.71999745536596,8.40999984741211,2022
570,Kaggadasapura Lake,0.3827986314580378,70.4099979000166,6.529999732971191,2023
732,Kaggadasapura Lake,0.4951413074858267,84.55499797128141,7.349999904632568,2024
894,Kaggadasapura Lake,0.2149003998746937,97.16499748453498,7.514999866485596,2025
117,Kaikondrahalli Lake,0.2544820594740722,76.81999846175313,7.144999980926514,2020
279,Kaikondrahalli Lake,0.2158454165642664,63.28999811597168,5.569999694824219,2021
441,Kaikondrahalli Lake,0.2094710002457606,97.71999745536596,8.40999984741211,2022
603,Kaikondrahalli Lake,0.2098550012288031,70.4099979000166,6.529999732971191,2023
765,Kaikondrahalli Lake,0.2142449004669452,84.55499797128141,7.349999904632568,2024
927,Kaikondrahalli Lake,0.2521657655443598,97.16499748453498,7.514999866485596,2025
5,Kalena Agrahara lake,0.8011756282974285,78.96999865118414,6.244999885559082,2020
167,Kalena Agrahara lake,0.7924982254957089,74.524997969158,5.784999847412109,2021
329,Kalena Agrahara lake,0.7579975602486457,105.51499754469842,7.734999656677246,2022
491,Kalena Agrahara lake,0.7640785022261963,70.2199983606115,5.464999675750732,2023
653,Kalena Agrahara lake,0.8408016150293601,90.87999772280456,7.404999732971191,2024
815,Kalena Agrahara lake,0.7585506524952141,94.41999849583954,7.704999923706055,2025
147,Kalkere Lake,0.0153031303253143,82.59999796561897,7.794999599456787,2020
309,Kalkere Lake,0.0045596204921933,64.42999852448702,4.339999675750732,2021
471,Kalkere Lake,0.0032423967944486,114.18499760236593,11.094999313354492,2022
633,Kalkere Lake,0.0045596204921933,60.82999871019274,5.019999980926514,2023
795,Kalkere Lake,0.0042894207593226,83.36999793257564,4.539999961853027,2024
957,Kalkere Lake,0.020145232356418,101.86999773513526,4.84499979019165,2025
140,Kammagondanahalli Lake,0.5155779881860271,79.80999792739749,9.220000267028809,2020
302,Kammagondanahalli Lake,0.4952228321605325,58.779998514801264,8.269999504089355,2021
464,Kammagondanahalli Lake,0.5071135590514434,117.69999729841948,9.09000015258789,2022
626,Kammagondanahalli Lake,0.5146078178535901,58.109998618252575,4.605000019073486,2023
788,Kammagondanahalli Lake,0.5012986773753823,76.2749980604276,6.420000076293945,2024
950,Kammagondanahalli Lake,0.506134178241167,97.92499818746,6.605000019073486,2025
46,Kasavanahalli Lake,0.0308981601801419,76.81999846175313,7.144999980926514,2020
208,Kasavanahalli Lake,0.0292792170090408,63.28999811597168,5.569999694824219,2021
370,Kasavanahalli Lake,0.0254146429877027,97.71999745536596,8.40999984741211,2022
532,Kasavanahalli Lake,0.0198789018220022,70.4099979000166,6.529999732971191,2023
694,Kasavanahalli Lake,0.0276326258520955,84.55499797128141,7.349999904632568,2024
856,Kasavanahalli Lake,0.0299704166551466,97.16499748453498,7.514999866485596,2025
56,Kattigenahalli Lake,0.3105529242395872,76.63999837357551,5.634999752044678,2020
218,Kattigenahalli Lake,0.2548614543077013,68.31499877944589,5.489999771118164,2021
380,Kattigenahalli Lake,0.2747247350181259,140.86449695471674,12.074999809265137,2022
542,Kattigenahalli Lake,0.2567676662256697,57.394998490810394,5.295000076293945,2023
704,Kattigenahalli Lake,0.2696568511589216,79.0699983201921,6.429999828338623,2024
866,Kattigenahalli Lake,0.3936189479306397,105.9899979783222,9.279999732971191,2025
160,Kempambudhi Kere,0.4106227961322505,78.03999843634665,6.565000057220459,2020
322,Kempambudhi Kere,0.3960849479672199,68.39499835297465,5.554999828338623,2021
484,Kempambudhi Kere,0.3970340701060313,105.12999767344444,8.84999942779541,2022
646,Kempambudhi Kere,0.4102542050103819,70.91499849408865,5.704999923706055,2023
808,Kempambudhi Kere,0.4297833912840485,78.6149985678494,10.074999809265137,2024
970,Kempambudhi Kere,0.370695162855844,93.39999744854867,9.050000190734863,2025
158,Kenchanahalli Lake,0.9649416513333108,78.03999843634665,6.565000057220459,2020
320,Kenchanahalli Lake,0.9344879171107964,68.39499835297465,5.554999828338623,2021
482,Kenchanahalli Lake,0.8105319420168765,105.12999767344444,8.84999942779541,2022
644,Kenchanahalli Lake,0.9201027206851324,70.91499849408865,5.704999923706055,2023
806,Kenchanahalli Lake,0.8973868275465914,78.6149985678494,10.074999809265137,2024
968,Kenchanahalli Lake,0.8997367475264404,93.39999744854867,9.050000190734863,2025
137,Kengeri Lake,0.4859596899796331,76.58999805338681,6.224999904632568,2020
299,Kengeri Lake,0.4064547641209485,91.11499709263444,10.389999389648438,2021
461,Kengeri Lake,0.4015550169417591,103.65999781433491,8.96500015258789,2022
623,Kengeri Lake,0.5547251072875675,62.49999810196459,5.815000057220459,2023
785,Kengeri Lake,0.617543245260762,78.37999894283712,8.875,2024
947,Kengeri Lake,0.5330648456195648,102.7549975151196,8.324999809265137,2025
14,Kodigehalli Lake,0.1826065593907382,71.13702347525087,7.155064420842989,2020
176,Kodigehalli Lake,0.2032612701142366,71.33123725195163,4.088729957370995,2021
338,Kodigehalli Lake,0.1957621913769807,112.537557935599,10.565020495997988,2022
500,Kodigehalli Lake,0.1889202800638742,59.14477812527638,6.248971882491422,2023
662,Kodigehalli Lake,0.1541057609630266,89.04751966002586,7.018310946792079,2024
824,Kodigehalli Lake,0.1913063505711829,115.98564184730014,8.817217355907262,2025
101,Kogilu Lake,0.0,76.63999837357551,5.634999752044678,2020
263,Kogilu Lake,0.0,68.31499877944589,5.489999771118164,2021
425,Kogilu Lake,0.0,140.86449695471674,12.074999809265137,2022
587,Kogilu Lake,0.0,57.394998490810394,5.295000076293945,2023
749,Kogilu Lake,0.0,79.0699983201921,6.429999828338623,2024
911,Kogilu Lake,0.0,105.9899979783222,9.279999732971191,2025
63,Konanakunte Lake,0.862113461449836,78.96999865118414,6.244999885559082,2020
225,Konanakunte Lake,0.8417438591640165,74.524997969158,5.784999847412109,2021
387,Konanakunte Lake,0.8448776441310658,105.51499754469842,7.734999656677246,2022
549,Konanakunte Lake,0.957693902944836,70.2199983606115,5.464999675750732,2023
711,Konanakunte Lake,1.0,90.87999772280456,7.404999732971191,2024
873,Konanakunte Lake,0.9482925480436888,94.41999849583954,7.704999923706055,2025
69,Konasandra Lake,0.2291928461918969,83.18499769922346,7.029999732971191,2020
231,Konasandra Lake,0.1938416539417533,65.76999851781875,6.239999771118164,2021
393,Konasandra Lake,0.2140980775907361,104.38499741069973,7.859999656677246,2022
555,Konasandra Lake,0.2255858324858593,70.43499897420406,5.670000076293945,2023
717,Konasandra Lake,0.2313865495872213,85.31999820936471,8.920000076293945,2024
879,Konasandra Lake,0.2270851703807028,108.55499732494354,12.380000114440918,2025
121,Kowdenahalli Lake,0.0028650479504005,82.59999796561897,7.794999599456787,2020
283,Kowdenahalli Lake,0.010769263839287,64.42999852448702,4.339999675750732,2021
445,Kowdenahalli Lake,0.0088653734542406,114.18499760236593,11.094999313354492,2022
607,Kowdenahalli Lake,0.0018363329842867,60.82999871019274,5.019999980926514,2023
769,Kowdenahalli Lake,0.0128051982349093,83.36999793257564,4.539999961853027,2024
931,Kowdenahalli Lake,0.0006479368891045268,101.86999773513526,4.84499979019165,2025
4,Krishna Nagara Lake,0.5965016315068242,78.96999865118414,6.244999885559082,2020
166,Krishna Nagara Lake,0.6012025833727642,74.524997969158,5.784999847412109,2021
328,Krishna Nagara Lake,0.6027695673280775,105.51499754469842,7.734999656677246,2022
490,Krishna Nagara Lake,0.6012025833727642,70.2199983606115,5.464999675750732,2023
652,Krishna Nagara Lake,0.6435111501662235,90.87999772280456,7.404999732971191,2024
814,Krishna Nagara Lake,0.65604702180873,94.41999849583954,7.704999923706055,2025
33,Kundalahalli Lake,0.4219206860119411,71.5749982856214,6.924999713897705,2020
195,Kundalahalli Lake,0.4110389690164377,70.74499854072928,3.994999885559082,2021
357,Kundalahalli Lake,0.311454212634217,92.60049746092407,7.460000038146973,2022
519,Kundalahalli Lake,0.2731363178456473,55.97499892022461,5.690000057220459,2023
681,Kundalahalli Lake,0.2769048379567065,90.74999806657434,7.625,2024
843,Kundalahalli Lake,0.4483433253888302,114.74499726854263,9.625,2025
107,Kuppareddi Kere,0.0,78.96999865118414,6.244999885559082,2020
269,Kuppareddi Kere,0.0,74.524997969158,5.784999847412109,2021
431,Kuppareddi Kere,0.0,105.51499754469842,7.734999656677246,2022
593,Kuppareddi Kere,0.0,70.2199983606115,5.464999675750732,2023
755,Kuppareddi Kere,0.0,90.87999772280456,7.404999732971191,2024
917,Kuppareddi Kere,0.0,94.41999849583954,7.704999923706055,2025
43,Lakshmipura Lake,0.731812739831159,79.80999792739749,9.220000267028809,2020
205,Lakshmipura Lake,0.727207981580967,58.779998514801264,8.269999504089355,2021
367,Lakshmipura Lake,0.7178142747505757,117.69999729841948,9.09000015258789,2022
529,Lakshmipura Lake,0.7573937068303914,58.109998618252575,4.605000019073486,2023
691,Lakshmipura Lake,0.8345725249424403,76.2749980604276,6.420000076293945,2024
853,Lakshmipura Lake,0.9835610130468152,97.92499818746,6.605000019073486,2025
91,Lal Bahadur Shastri Nagar Lake,0.3239960931021135,76.81999846175313,7.144999980926514,2020
253,Lal Bahadur Shastri Nagar Lake,0.2651899084090446,63.28999811597168,5.569999694824219,2021
415,Lal Bahadur Shastri Nagar Lake,0.2769106020677069,97.71999745536596,8.40999984741211,2022
577,Lal Bahadur Shastri Nagar Lake,0.1791859400819464,70.4099979000166,6.529999732971191,2023
739,Lal Bahadur Shastri Nagar Lake,0.3962276320881629,84.55499797128141,7.349999904632568,2024
901,Lal Bahadur Shastri Nagar Lake,0.2840732481924452,97.16499748453498,7.514999866485596,2025
40,Lalbagh Tank,0.0483373570950283,78.03999843634665,6.565000057220459,2020
202,Lalbagh Tank,0.0436347775873402,68.39499835297465,5.554999828338623,2021
364,Lalbagh Tank,0.0325494676962582,105.12999767344444,8.84999942779541,2022
526,Lalbagh Tank,0.0659804770768446,70.91499849408865,5.704999923706055,2023
688,Lalbagh Tank,0.0663490659344035,78.6149985678494,10.074999809265137,2024
850,Lalbagh Tank,0.0180915697585128,93.39999744854867,9.050000190734863,2025
37,Lingadeeranahalli Lake,0.7111143885135239,78.96999865118414,6.244999885559082,2020
199,Lingadeeranahalli Lake,0.6733218419411235,74.524997969158,5.784999847412109,2021
361,Lingadeeranahalli Lake,0.6785912905079258,105.51499754469842,7.734999656677246,2022
523,Lingadeeranahalli Lake,0.7759178519085237,70.2199983606115,5.464999675750732,2023
685,Lingadeeranahalli Lake,1.0,90.87999772280456,7.404999732971191,2024
847,Lingadeeranahalli Lake,0.9733608635136008,94.41999849583954,7.704999923706055,2025
156,Lotus Pond,0.1758149620083661,78.03999843634665,6.565000057220459,2020
318,Lotus Pond,0.1263644125578167,68.39499835297465,5.554999828338623,2021
480,Lotus Pond,0.1664475826018586,105.12999767344444,8.84999942779541,2022
642,Lotus Pond,0.2556741749027942,70.91499849408865,5.704999923706055,2023
804,Lotus Pond,0.2345284676195799,78.6149985678494,10.074999809265137,2024
966,Lotus Pond,0.234150701171383,93.39999744854867,9.050000190734863,2025
138,Madiwala Lake,0.0,76.81999846175313,7.144999980926514,2020
300,Madiwala Lake,0.0,63.28999811597168,5.569999694824219,2021
462,Madiwala Lake,0.0,97.71999745536596,8.40999984741211,2022
624,Madiwala Lake,0.0,70.4099979000166,6.529999732971191,2023
786,Madiwala Lake,0.0,84.55499797128141,7.349999904632568,2024
948,Madiwala Lake,0.0,97.16499748453498,7.514999866485596,2025
81,Mahadevapura Lake,0.4385191782083957,76.81999846175313,7.144999980926514,2020
243,Mahadevapura Lake,0.4175843749040321,63.28999811597168,5.569999694824219,2021
405,Mahadevapura Lake,0.3960660872769707,97.71999745536596,8.40999984741211,2022
567,Mahadevapura Lake,0.350477535853576,70.4099979000166,6.529999732971191,2023
729,Mahadevapura Lake,0.3195835764518011,84.55499797128141,7.349999904632568,2024
891,Mahadevapura Lake,0.3520836532260541,97.16499748453498,7.514999866485596,2025
159,Mallasandra Lake,0.7791085743760419,79.80999792739749,9.220000267028809,2020
321,Mallasandra Lake,0.7385040972910902,58.779998514801264,8.269999504089355,2021
483,Mallasandra Lake,0.6819341547360632,117.69999729841948,9.09000015258789,2022
645,Mallasandra Lake,0.699124662652785,58.109998618252575,4.605000019073486,2023
807,Mallasandra Lake,0.8322213796004337,76.2749980604276,6.420000076293945,2024
969,Mallasandra Lake,0.703284894520468,97.92499818746,6.605000019073486,2025
76,Mallathahalli Lake,0.1238071251524207,76.58999805338681,6.224999904632568,2020
238,Mallathahalli Lake,0.137456654145384,91.11499709263444,10.389999389648438,2021
400,Mallathahalli Lake,0.1888236034879398,103.65999781433491,8.96500015258789,2022
562,Mallathahalli Lake,0.1632814155704145,62.49999810196459,5.815000057220459,2023
724,Mallathahalli Lake,0.1740652806231359,78.37999894283712,8.875,2024
886,Mallathahalli Lake,0.1818514093353686,102.7549975151196,8.324999809265137,2025
45,Mathikere Lake,0.1637849240491171,79.80999792739749,9.220000267028809,2020
207,Mathikere Lake,0.1643836878321987,58.779998514801264,8.269999504089355,2021
369,Mathikere Lake,0.1755022706965004,117.69999729841948,9.09000015258789,2022
531,Mathikere Lake,0.2054097540155557,58.109998618252575,4.605000019073486,2023
693,Mathikere Lake,0.2099357940989527,76.2749980604276,6.420000076293945,2024
855,Mathikere Lake,0.1292470008075635,97.92499818746,6.605000019073486,2025
102,Munekolala Lake,0.7094396412721325,71.5749982856214,6.924999713897705,2020
264,Munekolala Lake,0.7086564597122191,70.74499854072928,3.994999885559082,2021
426,Munekolala Lake,0.6452187533592347,92.60049746092407,7.460000038146973,2022
588,Munekolala Lake,0.6483514795988883,55.97499892022461,5.690000057220459,2023
750,Munekolala Lake,0.6585328398777623,90.74999806657434,7.625,2024
912,Munekolala Lake,0.6279887590411404,114.74499726854263,9.625,2025
68,Mylasandra Tank,0.6064464795352542,76.58999805338681,6.224999904632568,2020
230,Mylasandra Tank,0.5579258458239512,91.11499709263444,10.389999389648438,2021
392,Mylasandra Tank,0.5860723600738537,103.65999781433491,8.96500015258789,2022
554,Mylasandra Tank,0.5791171419706251,62.49999810196459,5.815000057220459,2023
716,Mylasandra Tank,0.666779310069399,78.37999894283712,8.875,2024
878,Mylasandra Tank,0.6401596259419808,102.7549975151196,8.324999809265137,2025
26,Nagaraesh Nagenahalli Lake,0.9453956032823424,82.59999796561897,7.794999599456787,2020
188,Nagaraesh Nagenahalli Lake,0.9720454468706924,64.42999852448702,4.339999675750732,2021
350,Nagaraesh Nagenahalli Lake,0.9141409024906136,114.18499760236593,11.094999313354492,2022
512,Nagaraesh Nagenahalli Lake,0.7899571134299123,60.82999871019274,5.019999980926514,2023
674,Nagaraesh Nagenahalli Lake,0.8467380726523669,83.36999793257564,4.539999961853027,2024
836,Nagaraesh Nagenahalli Lake,0.8160359547250436,101.86999773513526,4.84499979019165,2025
53,Nagarbhavi Lake,1.0,78.03999843634665,6.565000057220459,2020
215,Nagarbhavi Lake,0.989818796068796,68.39499835297465,5.554999828338623,2021
377,Nagarbhavi Lake,1.0,105.12999767344444,8.84999942779541,2022
539,Nagarbhavi Lake,1.0,70.91499849408865,5.704999923706055,2023
701,Nagarbhavi Lake,1.0,78.6149985678494,10.074999809265137,2024
863,Nagarbhavi Lake,0.9616246928746932,93.39999744854867,9.050000190734863,2025
83,Nagarbhavi Thorai,0.939292296350903,78.03999843634665,6.565000057220459,2020
245,Nagarbhavi Thorai,0.938917557439489,68.39499835297465,5.554999828338623,2021
407,Nagarbhavi Thorai,0.9440502518736944,105.12999767344444,8.84999942779541,2022
569,Nagarbhavi Thorai,0.9825162796412334,70.91499849408865,5.704999923706055,2023
731,Nagarbhavi Thorai,1.0,78.6149985678494,10.074999809265137,2024
893,Nagarbhavi Thorai,0.9962188229512224,93.39999744854867,9.050000190734863,2025
106,Nagawara Lake,0.0568082036167142,82.59999796561897,7.794999599456787,2020
268,Nagawara Lake,0.0738386908599674,64.42999852448702,4.339999675750732,2021
430,Nagawara Lake,0.0541555371342605,114.18499760236593,11.094999313354492,2022
592,Nagawara Lake,0.0562831967087286,60.82999871019274,5.019999980926514,2023
754,Nagawara Lake,0.0617021276595744,83.36999793257564,4.539999961853027,2024
916,Nagawara Lake,0.0547173866322802,101.86999773513526,4.84499979019165,2025
28,Nallurahalli Lake,0.1218388545243462,71.5749982856214,6.924999713897705,2020
190,Nallurahalli Lake,0.0825260907756285,70.74499854072928,3.994999885559082,2021
352,Nallurahalli Lake,0.101887626921872,92.60049746092407,7.460000038146973,2022
514,Nallurahalli Lake,0.113220759596307,55.97499892022461,5.690000057220459,2023
676,Nallurahalli Lake,0.2576951663728447,90.74999806657434,7.625,2024
838,Nallurahalli Lake,0.2791114086868922,114.74499726854263,9.625,2025
98,Narsipura Lake,0.6156290292871619,79.80999792739749,9.220000267028809,2020
260,Narsipura Lake,0.5804015472462704,58.779998514801264,8.269999504089355,2021
422,Narsipura Lake,0.6179775280898882,117.69999729841948,9.09000015258789,2022
584,Narsipura Lake,0.6406796831829072,58.109998618252575,4.605000019073486,2023
746,Narsipura Lake,0.702523484988028,76.2749980604276,6.420000076293945,2024
908,Narsipura Lake,0.6406796831829072,97.92499818746,6.605000019073486,2025
18,Nayandahalli Lake,0.8691938149269867,78.03999843634665,6.565000057220459,2020
180,Nayandahalli Lake,0.8425626155708045,68.39499835297465,5.554999828338623,2021
342,Nayandahalli Lake,0.8464789684173019,105.12999767344444,8.84999942779541,2022
504,Nayandahalli Lake,0.7344712770074763,70.91499849408865,5.704999923706055,2023
666,Nayandahalli Lake,0.724288759606583,78.6149985678494,10.074999809265137,2024
828,Nayandahalli Lake,0.7297716535916794,93.39999744854867,9.050000190734863,2025
32,Palace Grounds Lake,0.0811875654478398,79.80999792739749,9.220000267028809,2020
194,Palace Grounds Lake,0.036577089494259,58.779998514801264,8.269999504089355,2021
356,Palace Grounds Lake,0.0342278767108564,117.69999729841948,9.09000015258789,2022
518,Palace Grounds Lake,0.0333895301881519,58.109998618252575,4.605000019073486,2023
680,Palace Grounds Lake,0.0740907932354955,76.2749980604276,6.420000076293945,2024
842,Palace Grounds Lake,0.0534637837373058,97.92499818746,6.605000019073486,2025
111,Palanahalli Lake,0.5055389630520927,76.63999837357551,5.634999752044678,2020
273,Palanahalli Lake,0.5196280960025536,68.31499877944589,5.489999771118164,2021
435,Palanahalli Lake,0.5182345303468872,140.86449695471674,12.074999809265137,2022
597,Palanahalli Lake,0.4565032552343122,57.394998490810394,5.295000076293945,2023
759,Palanahalli Lake,0.4199881516223988,79.0699983201921,6.429999828338623,2024
921,Palanahalli Lake,0.4932455039090435,105.9899979783222,9.279999732971191,2025
1,Panathur Chikka Kere,0.4995561262260286,71.5749982856214,6.924999713897705,2020
163,Panathur Chikka Kere,0.551831862457494,70.74499854072928,3.994999885559082,2021
325,Panathur Chikka Kere,0.5943331602891169,92.60049746092407,7.460000038146973,2022
487,Panathur Chikka Kere,0.66084971877755,55.97499892022461,5.690000057220459,2023
649,Panathur Chikka Kere,0.7620898007329292,90.74999806657434,7.625,2024
811,Panathur Chikka Kere,0.7501159601035806,114.74499726854263,9.625,2025
3,Panathuru Kere,0.4049663951245284,71.5749982856214,6.924999713897705,2020
165,Panathuru Kere,0.3955975770086129,70.74499854072928,3.994999885559082,2021
327,Panathuru Kere,0.386422278742305,92.60049746092407,7.460000038146973,2022
489,Panathuru Kere,0.4096569476697752,55.97499892022461,5.690000057220459,2023
651,Panathuru Kere,0.52986656345608,90.74999806657434,7.625,2024
813,Panathuru Kere,0.4907018319879093,114.74499726854263,9.625,2025
108,Parappana Agrahara Lake,0.4341424445400358,66.52499807905406,6.309999942779541,2020
270,Parappana Agrahara Lake,0.4258096233024029,78.96499759331346,5.670000076293945,2021
432,Parappana Agrahara Lake,0.4380046703127883,111.43999750632791,8.09999942779541,2022
594,Parappana Agrahara Lake,0.4264118478461257,63.59999836515635,4.654999732971191,2023
756,Parappana Agrahara Lake,0.4345572420573959,96.47499763779342,7.039999961853027,2024
918,Parappana Agrahara Lake,0.5372641799299454,99.87499761022627,8.489999771118164,2025
124,Pattandur Agrahara Kunte,0.5598668329207693,71.5749982856214,6.924999713897705,2020
286,Pattandur Agrahara Kunte,0.6546286002100697,70.74499854072928,3.994999885559082,2021
448,Pattandur Agrahara Kunte,0.6530622900069408,92.60049746092407,7.460000038146973,2022
610,Pattandur Agrahara Kunte,0.7556556083118858,55.97499892022461,5.690000057220459,2023
772,Pattandur Agrahara Kunte,0.8010786042026249,90.74999806657434,7.625,2024
934,Pattandur Agrahara Kunte,0.727462024655565,114.74499726854263,9.625,2025
129,Pattandur Agrahara Lake,0.4744604460169595,71.5749982856214,6.924999713897705,2020
291,Pattandur Agrahara Lake,0.5243018123854013,70.74499854072928,3.994999885559082,2021
453,Pattandur Agrahara Lake,0.6258580497737972,92.60049746092407,7.460000038146973,2022
615,Pattandur Agrahara Lake,0.5681326072734979,55.97499892022461,5.690000057220459,2023
777,Pattandur Agrahara Lake,0.6725083155964656,90.74999806657434,7.625,2024
939,Pattandur Agrahara Lake,0.5930287199049118,114.74499726854263,9.625,2025
89,Puttenahalli Lake,0.4290419216815328,72.05499899107963,7.204999923706055,2020
251,Puttenahalli Lake,0.4110430389382379,68.73999839555472,9.994999885559082,2021
413,Puttenahalli Lake,0.4666050743098485,127.49449767544866,10.699999809265137,2022
575,Puttenahalli Lake,0.5458474269332533,60.35999889485538,6.355000019073486,2023
737,Puttenahalli Lake,0.5929041921681534,77.57499824557453,5.179999828338623,2024
899,Puttenahalli Lake,0.4857764627161616,99.66999763716012,8.434999465942383,2025
67,Puttenhalli Lake,0.8762769405656176,78.96999865118414,6.244999885559082,2020
229,Puttenhalli Lake,0.9720263606617814,74.524997969158,5.784999847412109,2021
391,Puttenhalli Lake,0.7816458515753415,105.51499754469842,7.734999656677246,2022
553,Puttenhalli Lake,0.783768837273607,70.2199983606115,5.464999675750732,2023
715,Puttenhalli Lake,0.7923867459329924,90.87999772280456,7.404999732971191,2024
877,Puttenhalli Lake,0.793953638416517,94.41999849583954,7.704999923706055,2025
155,Rachenahalli Lake,0.0068433220045499,82.59999796561897,7.794999599456787,2020
317,Rachenahalli Lake,0.0126827111712856,64.42999852448702,4.339999675750732,2021
479,Rachenahalli Lake,0.0042705522244634,114.18499760236593,11.094999313354492,2022
641,Rachenahalli Lake,0.0044301990365928,60.82999871019274,5.019999980926514,2023
803,Rachenahalli Lake,0.0042705522244634,83.36999793257564,4.539999961853027,2024
965,Rachenahalli Lake,0.0042705522244634,101.86999773513526,4.84499979019165,2025
114,Ramapura Kere,0.0,82.59999796561897,7.794999599456787,2020
276,Ramapura Kere,0.0,64.42999852448702,4.339999675750732,2021
438,Ramapura Kere,0.0,114.18499760236593,11.094999313354492,2022
600,Ramapura Kere,0.0,60.82999871019274,5.019999980926514,2023
762,Ramapura Kere,0.0,83.36999793257564,4.539999961853027,2024
924,Ramapura Kere,0.0,101.86999773513526,4.84499979019165,2025
100,Sampigehalli Lake,0.6373549456621853,82.59999796561897,7.794999599456787,2020
262,Sampigehalli Lake,0.5982378584146871,64.42999852448702,4.339999675750732,2021
424,Sampigehalli Lake,0.541186222140358,114.18499760236593,11.094999313354492,2022
586,Sampigehalli Lake,0.6216491680481372,60.82999871019274,5.019999980926514,2023
748,Sampigehalli Lake,0.6205347823417457,83.36999793257564,4.539999961853027,2024
910,Sampigehalli Lake,0.5951372260084737,101.86999773513526,4.84499979019165,2025
9,Sankey Tank,0.1281349707192891,79.80999792739749,9.220000267028809,2020
171,Sankey Tank,0.1281226872537549,58.779998514801264,8.269999504089355,2021
333,Sankey Tank,0.1322530025396065,117.69999729841948,9.09000015258789,2022
495,Sankey Tank,0.1330360734674074,58.109998618252575,4.605000019073486,2023
657,Sankey Tank,0.1277449706885804,76.2749980604276,6.420000076293945,2024
819,Sankey Tank,0.1242134743475177,97.92499818746,6.605000019073486,2025
47,Sarakki Kere,0.1476565740356699,78.80777399506286,6.300819139122982,2020
209,Sarakki Kere,0.0888827442124829,73.45571103363581,5.744879777108052,2021
371,Sarakki Kere,0.0825014977648739,105.44784006373818,7.929494724053639,2022
533,Sarakki Kere,0.0843694793922914,70.34123076019456,5.5068641367179385,2023
695,Sarakki Kere,0.0850453937969491,88.7405516898945,7.870741393360042,2024
857,Sarakki Kere,0.0867628308524202,94.24207453786605,7.939615144563625,2025
154,Saul Kere,0.0497605362513401,76.81999846175313,7.144999980926514,2020
316,Saul Kere,0.036689102633026,63.28999811597168,5.569999694824219,2021
478,Saul Kere,0.0374509629238232,97.71999745536596,8.40999984741211,2022
640,Saul Kere,0.0340717438920616,70.4099979000166,6.529999732971191,2023
802,Saul Kere,0.0442554812468704,84.55499797128141,7.349999904632568,2024
964,Saul Kere,0.0321425170266559,97.16499748453498,7.514999866485596,2025
153,Seegehalli Lake,0.399619223092277,70.28999858070165,7.599999904632568,2020
315,Seegehalli Lake,0.4486043298019346,72.46499830577523,4.269999980926514,2021
477,Seegehalli Lake,0.5691939198526025,151.09499582089484,16.56999969482422,2022
639,Seegehalli Lake,0.4535452172577922,65.27499802224338,7.329999923706055,2023
801,Seegehalli Lake,0.4207861200675573,85.75499790161848,5.84499979019165,2024
963,Seegehalli Lake,0.4044280669430371,118.38499637320638,7.25499963760376,2025
157,Seetharampalya Lake,0.5597669697779335,71.5749982856214,6.924999713897705,2020
319,Seetharampalya Lake,0.5507196973186785,70.74499854072928,3.994999885559082,2021
481,Seetharampalya Lake,0.5305276347186779,92.60049746092407,7.460000038146973,2022
643,Seetharampalya Lake,0.5156484646354834,55.97499892022461,5.690000057220459,2023
805,Seetharampalya Lake,0.504583521434297,90.74999806657434,7.625,2024
967,Seetharampalya Lake,0.516474573356305,114.74499726854263,9.625,2025
105,Sheelavathana Kere,0.6757517122761753,71.5749982856214,6.924999713897705,2020
267,Sheelavathana Kere,0.6577382597745628,70.74499854072928,3.994999885559082,2021
429,Sheelavathana Kere,0.6522559046653764,92.60049746092407,7.460000038146973,2022
591,Sheelavathana Kere,0.6483399367302433,55.97499892022461,5.690000057220459,2023
753,Sheelavathana Kere,0.6683159802205224,90.74999806657434,7.625,2024
915,Sheelavathana Kere,0.6489480635154639,114.74499726854263,9.625,2025
49,Shivapura Old Lake,0.9819901429426848,79.80999792739749,9.220000267028809,2020
211,Shivapura Old Lake,0.9191137860619364,58.779998514801264,8.269999504089355,2021
373,Shivapura Old Lake,0.8794122614423235,117.69999729841948,9.09000015258789,2022
535,Shivapura Old Lake,1.0,58.109998618252575,4.605000019073486,2023
697,Shivapura Old Lake,0.9996806436259232,76.2749980604276,6.420000076293945,2024
859,Shivapura Old Lake,0.909167677450062,97.92499818746,6.605000019073486,2025
90,Singapura Kere,0.4764654418197723,79.80999792739749,9.220000267028809,2020
252,Singapura Kere,0.4983315682030971,58.779998514801264,8.269999504089355,2021
414,Singapura Kere,0.4007244708446529,117.69999729841948,9.09000015258789,2022
576,Singapura Kere,0.6030298844223418,58.109998618252575,4.605000019073486,2023
738,Singapura Kere,0.5034550505748182,76.2749980604276,6.420000076293945,2024
900,Singapura Kere,0.4042884990253406,97.92499818746,6.605000019073486,2025
70,Singasandra Lake,0.8613338494718796,66.52499807905406,6.309999942779541,2020
232,Singasandra Lake,0.8605504248926248,78.96499759331346,5.670000076293945,2021
394,Singasandra Lake,0.8589835757341149,111.43999750632791,8.09999942779541,2022
556,Singasandra Lake,0.8605504248926248,63.59999836515635,4.654999732971191,2023
718,Singasandra Lake,0.8542830282585854,96.47499763779342,7.039999961853027,2024
880,Singasandra Lake,0.8519327545208206,99.87499761022627,8.489999771118164,2025
16,Somasundarapalya Lake,0.7402225540255738,66.9081183197824,6.341073804239582,2020
178,Somasundarapalya Lake,0.6952140438840659,78.38166497068742,5.66627864173373,2021
340,Somasundarapalya Lake,0.6889343582370187,110.9294186304738,8.111535846539896,2022
502,Somasundarapalya Lake,0.7389322076597422,63.853427074643385,4.724776364798502,2023
664,Somasundarapalya Lake,0.6754318051945662,96.03140434280049,7.051536362852397,2024
826,Somasundarapalya Lake,0.7031588907936862,99.77414711368104,8.453715926116985,2025
36,Srigandakaval Lake,0.3624427593450842,77.61820556759815,6.466096883524568,2020
198,Srigandakaval Lake,0.349263971940946,75.00405415667235,6.961460377817892,2021
360,Srigandakaval Lake,0.3727591300956087,104.7023871259438,8.883452167662542,2022
522,Srigandakaval Lake,0.5372252371782472,68.46714592961631,5.736998033791421,2023
684,Srigandakaval Lake,0.5297282854062821,78.54663916108406,9.7259299965976,2024
846,Srigandakaval Lake,0.5625877229352673,96.12128798170512,8.839103701094167,2025
128,Subedharana Lake,0.4056413329031664,66.52499807905406,6.309999942779541,2020
290,Subedharana Lake,0.400267318062405,78.96499759331346,5.670000076293945,2021
452,Subedharana Lake,0.424891306017729,111.43999750632791,8.09999942779541,2022
614,Subedharana Lake,0.5303528905685887,63.59999836515635,4.654999732971191,2023
776,Subedharana Lake,0.6066768063173098,96.47499763779342,7.039999961853027,2024
938,Subedharana Lake,0.6103086448203286,99.87499761022627,8.489999771118164,2025
62,Subramanyapura Lake,0.8464478389637841,78.96999865118414,6.244999885559082,2020
224,Subramanyapura Lake,0.7908243520578085,74.524997969158,5.784999847412109,2021
386,Subramanyapura Lake,0.8550655622872452,105.51499754469842,7.734999656677246,2022
548,Subramanyapura Lake,0.7931746402369343,70.2199983606115,5.464999675750732,2023
710,Subramanyapura Lake,0.6936791073206106,90.87999772280456,7.404999732971191,2024
872,Subramanyapura Lake,0.6819276664249818,94.41999849583954,7.704999923706055,2025
88,Subrayana Lake,0.5748013592984743,78.96999865118414,6.244999885559082,2020
250,Subrayana Lake,0.5475170680448103,74.524997969158,5.784999847412109,2021
412,Subrayana Lake,0.5890303629916859,105.51499754469842,7.734999656677246,2022
574,Subrayana Lake,0.6042640922749815,70.2199983606115,5.464999675750732,2023
736,Subrayana Lake,0.6402129895348767,90.87999772280456,7.404999732971191,2024
898,Subrayana Lake,0.5660937375177442,94.41999849583954,7.704999923706055,2025
122,Sunkalpalya Lake,0.1799877730706489,76.58999805338681,6.224999904632568,2020
284,Sunkalpalya Lake,0.1700249761144784,91.11499709263444,10.389999389648438,2021
446,Sunkalpalya Lake,0.1357895739314493,103.65999781433491,8.96500015258789,2022
608,Sunkalpalya Lake,0.1442378291363425,62.49999810196459,5.815000057220459,2023
770,Sunkalpalya Lake,0.2605595509829161,78.37999894283712,8.875,2024
932,Sunkalpalya Lake,0.2395556524971506,102.7549975151196,8.324999809265137,2025
58,Thalaghattapura Lake,0.6247733934749616,78.96999865118414,6.244999885559082,2020
220,Thalaghattapura Lake,0.7582699859273514,74.524997969158,5.784999847412109,2021
382,Thalaghattapura Lake,0.652740479453318,105.51499754469842,7.734999656677246,2022
544,Thalaghattapura Lake,0.6017532431618604,70.2199983606115,5.464999675750732,2023
706,Thalaghattapura Lake,0.6738402354864288,90.87999772280456,7.404999732971191,2024
868,Thalaghattapura Lake,0.5942683144161698,94.41999849583954,7.704999923706055,2025
34,Thippasandra Lake,0.9130311875864188,78.96999865118414,6.244999885559082,2020
196,Thippasandra Lake,0.9370533108004304,74.524997969158,5.784999847412109,2021
358,Thippasandra Lake,0.9482869872484252,105.51499754469842,7.734999656677246,2022
520,Thippasandra Lake,0.9780611461053924,70.2199983606115,5.464999675750732,2023
682,Thippasandra Lake,0.9851129205715164,90.87999772280456,7.404999732971191,2024
844,Thippasandra Lake,0.9858964510677524,94.41999849583954,7.704999923706055,2025
35,Thirumenahalli Lake,0.5320069257264957,82.59999796561897,7.794999599456787,2020
197,Thirumenahalli Lake,0.5091729037090709,64.42999852448702,4.339999675750732,2021
359,Thirumenahalli Lake,0.3857040234295855,114.18499760236593,11.094999313354492,2022
521,Thirumenahalli Lake,0.4086761915872072,60.82999871019274,5.019999980926514,2023
683,Thirumenahalli Lake,0.4955394146287556,83.36999793257564,4.539999961853027,2024
845,Thirumenahalli Lake,0.4257510545155371,101.86999773513526,4.84499979019165,2025
30,Thubarahalli Lake,0.2454918221607924,71.5749982856214,6.924999713897705,2020
192,Thubarahalli Lake,0.2884373800199646,70.74499854072928,3.994999885559082,2021
354,Thubarahalli Lake,0.3390524456730399,92.60049746092407,7.460000038146973,2022
516,Thubarahalli Lake,0.2422237579666743,55.97499892022461,5.690000057220459,2023
678,Thubarahalli Lake,0.2767503647393073,90.74999806657434,7.625,2024
840,Thubarahalli Lake,0.2700514474391461,114.74499726854263,9.625,2025
116,Ullal Lake,0.5911970933393126,76.58999805338681,6.224999904632568,2020
278,Ullal Lake,0.5895140311489361,91.11499709263444,10.389999389648438,2021
440,Ullal Lake,0.5112547105778008,103.65999781433491,8.96500015258789,2022
602,Ullal Lake,0.506835136687378,62.49999810196459,5.815000057220459,2023
764,Ullal Lake,0.4633795765931511,78.37999894283712,8.875,2024
926,Ullal Lake,0.5324281243377557,102.7549975151196,8.324999809265137,2025
144,Uttarahalli Lake,0.7861434864617441,78.03999843634665,6.565000057220459,2020
306,Uttarahalli Lake,0.7532424843789357,68.39499835297465,5.554999828338623,2021
468,Uttarahalli Lake,0.7579426275336225,105.12999767344444,8.84999942779541,2022
630,Uttarahalli Lake,0.7673429138429964,70.91499849408865,5.704999923706055,2023
792,Uttarahalli Lake,0.903647065328918,78.6149985678494,10.074999809265137,2024
954,Uttarahalli Lake,0.8401951327406445,93.39999744854867,9.050000190734863,2025
126,Varthur Lake,0.0,71.5749982856214,6.924999713897705,2020
288,Varthur Lake,0.0,70.74499854072928,3.994999885559082,2021
450,Varthur Lake,0.0,92.60049746092407,7.460000038146973,2022
612,Varthur Lake,0.0,55.97499892022461,5.690000057220459,2023
774,Varthur Lake,0.0,90.74999806657434,7.625,2024
936,Varthur Lake,0.0,114.74499726854263,9.625,2025
150,Vasanthapura Lake,1.0,78.96999865118414,6.244999885559082,2020
312,Vasanthapura Lake,1.0,74.524997969158,5.784999847412109,2021
474,Vasanthapura Lake,1.0,105.51499754469842,7.734999656677246,2022
636,Vasanthapura Lake,1.0,70.2199983606115,5.464999675750732,2023
798,Vasanthapura Lake,1.0,90.87999772280456,7.404999732971191,2024
960,Vasanthapura Lake,1.0,94.41999849583954,7.704999923706055,2025
103,Veerasagara Lake,0.2878183246973305,72.05499899107963,7.204999923706055,2020
265,Veerasagara Lake,0.2986573266864761,68.73999839555472,9.994999885559082,2021
427,Veerasagara Lake,0.223785024925714,127.49449767544866,10.699999809265137,2022
589,Veerasagara Lake,0.2683658308980624,60.35999889485538,6.355000019073486,2023
751,Veerasagara Lake,0.2105516809508607,77.57499824557453,5.179999828338623,2024
913,Veerasagara Lake,0.2139006900616389,99.66999763716012,8.434999465942383,2025
94,Vengayyana Lake,0.2317853951525979,79.48192897546949,7.745607029846671,2020
256,Vengayyana Lake,0.221538480435056,66.46522881739733,4.322269059287927,2021
418,Vengayyana Lake,0.2297310990944513,123.53413867646483,12.481792957831296,2022
580,Vengayyana Lake,0.2297587353642918,61.955897589856505,5.605112860595118,2023
742,Vengayyana Lake,0.2633490860071422,83.97410799078499,4.870550709229869,2024
904,Vengayyana Lake,0.3255368345416522,106.05317463998726,5.455442208221946,2025
161,Vidyaranyapura Kere,0.8467655032036423,79.80999792739749,9.220000267028809,2020
323,Vidyaranyapura Kere,0.8416814286986183,58.779998514801264,8.269999504089355,2021
485,Vidyaranyapura Kere,0.870862665516405,117.69999729841948,9.09000015258789,2022
647,Vidyaranyapura Kere,0.9639663149363108,58.109998618252575,4.605000019073486,2023
809,Vidyaranyapura Kere,0.8977689631987916,76.2749980604276,6.420000076293945,2024
971,Vidyaranyapura Kere,0.9024569956680984,97.92499818746,6.605000019073486,2025
97,Vijinapura Lake,0.7210286458333338,82.59999796561897,7.794999599456787,2020
259,Vijinapura Lake,0.7125558913128934,64.42999852448702,4.339999675750732,2021
421,Vijinapura Lake,0.6947198064072331,114.18499760236593,11.094999313354492,2022
583,Vijinapura Lake,0.7202731918238998,60.82999871019274,5.019999980926514,2023
745,Vijinapura Lake,0.8213320558176105,83.36999793257564,4.539999961853027,2024
907,Vijinapura Lake,0.7285094830974848,101.86999773513526,4.84499979019165,2025
60,Vrishabhavati,1.0,77.5621363947709,6.452949626778464,2020
222,Vrishabhavati,1.0,75.88259981151302,7.148422001558235,2021
384,Vrishabhavati,1.0,104.64554460567612,8.887899059945735,2022
546,Vrishabhavati,1.0,68.14175145602066,5.74125156128665,2023
708,Vrishabhavati,1.0,78.53755210514662,9.679527942164402,2024
870,Vrishabhavati,1.0,96.48303072446208,8.811069107333974,2025
92,Yediyur Lake,0.6733691495341746,78.03999843634665,6.565000057220459,2020
254,Yediyur Lake,0.6725858621229855,68.39499835297465,5.554999828338623,2021
416,Yediyur Lake,0.6851184607020101,105.12999767344444,8.84999942779541,2022
578,Yediyur Lake,0.6765022991789308,70.91499849408865,5.704999923706055,2023
740,Yediyur Lake,0.6796354488236869,78.6149985678494,10.074999809265137,2024
902,Yediyur Lake,0.6890348977579552,93.39999744854867,9.050000190734863,2025
19,Yelachenahalli Kere,0.9091252615183272,78.64743297819511,6.355990258552256,2020
181,Yelachenahalli Kere,0.9099086644362724,72.39883991019236,5.705225553001988,2021
343,Yelachenahalli Kere,0.9083418586003816,105.38146236847982,8.121731450729744,2022
505,Yelachenahalli Kere,0.8973742177491454,70.46105549393877,5.548242496842729,2023
667,Yelachenahalli Kere,0.9122588731901088,86.62594740807536,8.331075187309583,2024
829,Yelachenahalli Kere,0.9114754702721634,94.06621650845972,8.171506177557122,2025
80,Yelahanka Lake,0.0,72.05499899107963,7.204999923706055,2020
242,Yelahanka Lake,0.0,68.73999839555472,9.994999885559082,2021
404,Yelahanka Lake,0.0,127.49449767544866,10.699999809265137,2022
566,Yelahanka Lake,0.0,60.35999889485538,6.355000019073486,2023
728,Yelahanka Lake,0.0,77.57499824557453,5.179999828338623,2024
890,Yelahanka Lake,0.0,99.66999763716012,8.434999465942383,2025
11,Yelenahalli Lake,0.9396705616306618,66.52499807905406,6.309999942779541,2020
173,Yelenahalli Lake,1.0,78.96499759331346,5.670000076293945,2021
335,Yelenahalli Lake,0.9569075440219011,111.43999750632791,8.09999942779541,2022
497,Yelenahalli Lake,0.9341860672334492,63.59999836515635,4.654999732971191,2023
659,Yelenahalli Lake,0.9553405456226975,96.47499763779342,7.039999961853027,2024
821,Yelenahalli Lake,0.9584745424211047,99.87499761022627,8.489999771118164,2025
152,Yellamallappa Chetty Lake,0.0,70.28999858070165,7.599999904632568,2020
314,Yellamallappa Chetty Lake,0.0,72.46499830577523,4.269999980926514,2021
476,Yellamallappa Chetty Lake,0.0,151.09499582089484,16.56999969482422,2022
638,Yellamallappa Chetty Lake,0.0,65.27499802224338,7.329999923706055,2023
800,Yellamallappa Chetty Lake,0.0,85.75499790161848,5.84499979019165,2024
962,Yellamallappa Chetty Lake,0.0,118.38499637320638,7.25499963760376,2025
