,Unnamed: 0,name,lat,lon,potential_ha,static_total_ha,static_water_ha,static_weed_ha,buffer_total_ha,buffer_water_ha,buffer_weed_ha,in_build_ha,out_build_ha,in_green_ha,out_green_ha,encroachment_pct,elevation,slope,flow_accumulation_km2,flow_direction_code,water_ratio,weed_ratio,slope_bin
0,32,Chikkabettahalli Lake,13.091796866719235,77.55472093578341,1.86306800114052,0.5215245058431189,0.4959411987603879,0.0255833070827309,0.9120383390533848,0.6163906691233317,0.2956476699300529,1.5233158345964215,2.523840613023846,0.0259756317771961,0.2901423846096463,81.76383436696291,934.619824111396,3.211884757840358,0.0083299810066819,2,0.2661959726949237,0.013731816051303275,Mid (2-5°)
1,119,Panathur Chikka Kere,12.931470394744794,77.70863691702442,0.9048249040252088,0.4739722989754272,0.4691411493558198,0.0063887690031762,0.8527020245381274,0.4859963715871174,0.3683202584095874,0.734791194065069,0.9898987937608108,0.0029569435608308,0.5095063952013402,81.20810897183236,873.7079745413703,2.538609757958079,0.4251021146774292,16,0.5184883254967851,0.007060779356044566,Mid (2-5°)
2,35,Chokkanahalli Lake,13.08461334299774,77.62922109689285,2.022320230141434,0.4558992244336496,0.4146471392149083,0.0412520852187411,1.0284739288245308,0.4179313624064127,0.610542566418118,1.5262763552008731,0.954972362733729,0.0543256796713436,1.1465483148063709,75.47154661525248,906.2280997304582,3.1739407409976597,0.283231109380722,64,0.20503535149124694,0.02039839418303009,Mid (2-5°)
3,120,Panathuru Kere,12.931615520659848,77.70685455116339,4.149419714241775,2.738648957746418,2.69067935862323,0.0524778239994422,4.448213682342231,2.7432141474405927,1.7114579465634214,2.8383098958418103,1.195444451721291,0.0344638650851779,2.0423954177188253,68.40257412621021,874.2939167208848,4.369802640032364,0.8001863956451416,2,0.6484471429554817,0.012647027202219647,Mid (2-5°)
4,95,Krishna Nagara Lake,12.874035219254122,77.57974859667902,4.421779224144433,2.770499086692162,2.670206791858549,0.1002922948336133,4.383426257412979,2.6937663983662925,1.6896598590466865,2.799415817847658,0.9411869539053924,0.1347068356617447,3.034443859465855,63.30971484423931,925.5259454025214,3.0703783238001425,0.8003767728805542,128,0.603876099756022,0.022681434271069646,Mid (2-5°)
5,82,Kalena Agrahara lake,12.865571511226433,77.5897673039016,1.4854003719733744,0.9832053978345284,0.917920492007187,0.0652849058273414,2.183097233904172,1.059453474299113,1.126873805559445,0.8953289949100469,1.4884403128186394,0.0372848720954445,1.2627570611736825,60.27526394924691,914.5367732897502,7.194632432615536,0.2834692001342773,128,0.6179616683330416,0.043951049871227325,High (>5°)
6,64,Hemmigepura Kere,12.873692674348904,77.48348887477314,5.563321210856716,3.911532132314045,3.284386527894961,0.6452966500794654,6.738515811027078,3.325223000208537,3.439132404197244,3.01298196906844,0.5790942034612917,0.7133595549365274,4.979521283355413,54.15797245696802,782.5835711250074,1.8873662517107104,1.2589259147644043,32,0.5903643531287647,0.11599126234526619,Low (<2°)
7,73,ITI Layout Lake,12.902307413057462,77.6393836670545,1.7001640024461937,1.068629469800463,0.9605399676453836,0.1158214924935733,1.828872787217782,0.9837803088912466,0.8531664239442115,0.9031738196783128,1.414485210917354,0.1515368900737886,0.8985579648904238,53.12274688670197,894.331523924407,1.9016421160210932,0.2334145009517669,8,0.5649690066742737,0.06812371766895987,Low (<2°)
8,76,Jogi Kere,12.863048062208511,77.5384474629139,0.5836929358299104,0.1643916916237625,0.1101771156869526,0.0542145759368098,0.9014306043323194,0.1114374773661295,0.7899931269661898,0.2832899184437671,0.2977303650276333,0.0674705400673859,1.113532209835676,48.53406663916153,872.8330404217927,2.140309291061911,0.1167238727211952,8,0.18875869301090614,0.09288201485550968,Mid (2-5°)
9,129,Sankey Tank,13.009638629490368,77.57421476509407,12.466672382181216,10.036376224384684,9.53178305233326,0.535875144239438,14.80569592922386,9.941547596317866,4.912571472350973,5.901822141963983,0.7573866828768862,0.5575106186830607,6.776148346586539,47.340797616527865,929.2549744095024,8.118587198835796,0.0666612982749939,2,0.7645811777292847,0.04298461753156935,High (>5°)
10,2,Agrahara Lake,13.089486907464831,77.62484842909419,4.2667081689094095,2.328796247991425,2.0337600129839326,0.2995922984538358,3.1404075474618156,2.07347997525533,1.0717683893400702,1.9579269591691764,1.097729260714163,0.3674206679699467,1.881019925740559,45.88846674436681,899.1844822109275,6.437908737502493,2.7988803386688232,32,0.4766578665500273,0.0702162619503487,High (>5°)
11,160,Yelenahalli Lake,12.86663700135948,77.61409749446442,1.203013886649936,0.4077878001882515,0.2309913173575806,0.1816415281747057,1.391672907464021,0.2526261131032307,1.1438918397048252,0.5459504751472225,0.5052076411418042,0.2154427963291741,1.3351152918447855,45.38189302764783,912.9954441913442,4.581657471309218,0.1500739902257919,64,0.192010516188494,0.15098872106998495,Mid (2-5°)
12,19,Basavanapura Pond,12.84469348669497,77.5892059273374,1.672612217254639,1.0043199051372054,0.4941667053985595,0.5148403066403259,1.9684505437853448,0.5040413030691707,1.4692546960130082,0.7232013933388703,1.0075554461664935,0.2778121544911502,1.153064984142827,43.23783994152004,926.0395248822446,2.482478427161894,0.3251890242099762,1,0.2954460695077701,0.30780613780602706,Mid (2-5°)
13,90,Kodigehalli Lake,12.99951764050912,77.7284285287259,15.38054554175882,12.125534946574293,11.849036294766094,0.3025344170584086,14.312076235668703,12.076160978137745,2.292411546466304,6.6168389092952715,3.223296737164766,0.1895295754341674,2.9936199232906766,43.020833632528046,871.4603842067994,2.7182767935131524,6.816653251647949,1,0.7703911582716925,0.019669940590664688,Mid (2-5°)
14,74,Iblur Lake,12.922434059675629,77.6668228891874,2.5612345260171323,1.4709327253708182,1.238357737428254,0.340529418493034,2.8760692163684323,1.350478781823052,1.6547634413660586,1.098907522341161,1.2547015267699997,0.3241864998212826,1.4930876276811589,42.905384539307526,881.3897097625332,1.4895110113639631,1.3253920078277588,64,0.48350032956723094,0.13295518822424157,Low (<2°)
15,24,Bhoganahalli Lake,12.922956546158623,77.69897954422261,3.678421464221431,1.8633548993907256,1.2863014336405236,0.6190346427623276,2.636315122658723,1.2884986417134603,1.3897976579573883,1.4658250951400456,1.1701670625868652,0.2864086346266005,2.160233939422407,39.849297025845296,883.5953907629402,2.8979409511354524,0.1750483065843582,64,0.3496884318863065,0.16828812271335294,Mid (2-5°)
16,138,Somasundarapalya Lake,12.898483924287731,77.64804602911603,2.4274632010785275,1.7898904080663944,1.7651868876732724,0.0263119963382895,2.0560049279441084,1.8102052617390951,0.2490292832602706,0.9547596884643952,1.7795045663123037,0.0304155483161078,0.3140967912930756,39.33158237126698,899.3818079730491,5.0054186932964315,0.4751774072647095,64,0.727173489958157,0.010839297718951629,High (>5°)
17,22,Benniganahalli Lake,12.996943369030944,77.66575216261633,5.834561927771472,4.412243901381149,4.075821320452722,0.3675353236055063,6.044442637100719,4.176901579356474,1.9014390715585348,2.273865058004342,1.8925255541224264,0.3213061406563154,1.7541801025280923,38.97233564667727,900.6112720868127,9.094169480374882,1.799878478050232,4,0.6985650972444976,0.06299278817422502,High (>5°)
18,116,Nayandahalli Lake,12.93995517072385,77.52145065959428,3.386000341671215,2.552480326014999,1.0870115320766676,1.4677291679816156,3.4350960339360452,1.1549620963546654,2.284977596918742,1.3050962891013953,1.1973968627201652,1.4438847500650247,0.9394480189075344,38.54389124063833,811.1963300912463,2.87202735120765,2.767028331756592,8,0.3210311347872326,0.4334698818303114,Mid (2-5°)
19,158,Yelachenahalli Kere,12.89955272481895,77.56561653883097,1.5494923143813193,1.1779982704446834,0.9857855616181818,0.2255347473528494,1.9716469819571305,1.0338877492493277,0.9926626855174544,0.5815835142447278,1.1400151003424952,0.2344066913430207,0.9041076994647854,37.53381083900001,889.0976190476192,3.7992810145601057,0.5502026081085205,64,0.6361990649897388,0.14555396323014408,Mid (2-5°)
20,56,Gubbalala Kere,12.880670207103108,77.54079173187408,1.9608231508202656,0.7668741235910055,0.526079277775085,0.2504844001575544,1.7899130561000849,0.5345275303216074,1.2650750801201116,0.690149234466054,0.3385387738675385,0.3694886768211414,1.9267392714810836,35.196913815371154,875.6505835220343,3.471583991407039,0.8003511428833008,32,0.2682951175658099,0.12774451385519903,Mid (2-5°)
21,41,Deverabisanahalli Lake,12.923182120565428,77.6871052288003,3.684496930598838,3.1423328866891302,2.7448169009234857,0.4639131789936738,5.157266764438105,2.8563297960917153,2.383284470101151,1.2953228755985833,1.1610845156630971,0.4774954104758867,2.1875689569226435,35.15603079598863,879.3750579508578,2.4753910580441865,0.8168903589248657,128,0.7449638180258635,0.12590950344970822,Mid (2-5°)
22,12,Avalahalli Lake,12.865453013013484,77.56633929223811,5.794656285131118,3.667462555403864,3.0245077627932484,0.7383170011233663,5.220955115201861,3.048701411492841,2.2707699483430157,1.9886743158522464,1.373256216160394,0.4848603206828996,2.676514524817374,34.31910743274133,909.5864066193852,3.099767868449784,0.0083374083042144,8,0.5219477418451942,0.12741342450592996,Mid (2-5°)
23,53,Goshala Lake,12.98677031608552,77.6979247502631,1.2665642587788897,0.8746545596747305,0.4228527578979691,0.4581638691751317,1.7585715277304057,0.4310063364664713,1.3340222148845398,0.4096982042584389,1.4124793150593875,0.4489593870828665,1.1291451393641054,32.34721029104627,889.046178773967,2.6916210434258443,0.0166669189929962,1,0.33385811652828945,0.36173756364864834,Mid (2-5°)
24,48,Doddkammanahalli Lake,12.855596811258197,77.60374142364677,4.814579989731731,3.1350159552465704,2.292665255757251,0.853656294378642,4.941096092837963,2.357635948726679,2.594765739000607,1.4905937708581662,1.700143369770923,0.6038882315307815,2.9483873546395896,30.959995971345823,908.8122777066438,3.610428693797716,2.76820707321167,16,0.4761921622751974,0.17730649323498054,Mid (2-5°)
25,17,Basapura Lake,12.868784605815645,77.64395196126645,2.603189689351999,1.8656604635854488,1.4865724757699408,0.4033130037100798,3.1183361444540583,1.5132674453720394,1.6292937149765911,0.7709122444317388,0.5922502656739678,0.3686063200029361,2.2412181482382385,29.614140205957817,908.2246939581416,2.083818062325913,1.3172998428344729,16,0.5710580684344931,0.1549303169722045,Mid (2-5°)
26,110,Nagaraesh Nagenahalli Lake,13.075660663342903,77.64288688017814,2.003710929688099,1.319088344217936,0.8536934627782286,0.4750770366673687,1.6381051979523702,0.8907577512105306,0.7570296019695008,0.5771824123666799,1.4202579814457117,0.4202304365115695,0.4602365093091579,28.805672705320077,895.8170960586931,3.538210360126433,0.1416182219982147,4,0.4260561990901133,0.23709859023492977,Mid (2-5°)
27,18,Basavanapura Kere,13.0102060073038,77.71311405750563,3.82266225650563,2.5371999170500312,2.082255737828772,0.5098238115353054,3.1246400274528554,2.08692083337522,1.0925988263916813,1.0952256331714307,2.0212409768277837,0.3340822369409696,0.8848155085175957,28.65086056994734,880.1109521680822,3.608067276139957,0.0166653208434581,4,0.5447135002013498,0.13336878262463744,Mid (2-5°)
28,114,Nallurahalli Lake,12.974569026390736,77.73579529172873,9.336012037772388,5.683845503079783,5.067854111265295,0.6733413043806286,7.073167111328725,5.078692299016317,2.054205068329456,2.6702671046886572,1.7572724999650946,0.641295287810182,4.078769260499246,28.601795861927727,876.0601164963178,4.560633190897403,2.9501352310180664,1,0.5428285750662449,0.07212301158742836,Mid (2-5°)
29,77,K100,12.931378788142233,77.63586328483962,3.105362301884071,1.0386215701493404,0.0016272501772213,1.0369943199721192,4.980166822314292,0.3518617161968954,4.628305106117397,0.8804342333066856,9.302638108225295,1.2143171756879017,4.404321191607704,28.352061618462766,880.513462811741,2.499956447533283,0.0083352522924542,8,0.000524012987545454,0.3339366615428283,Mid (2-5°)
30,147,Thubarahalli Lake,12.958444143908917,77.72553487221501,6.992327767746869,5.529040623194377,4.742602604871762,0.8927627091775531,7.21746363312715,4.866958129256005,2.471790628643161,1.8881367557251372,1.382734178859237,0.824507019374573,2.5721861158233836,27.002978384886976,873.0413868647902,3.893219444092246,0.1583534926176071,128,0.6782580511668386,0.12767746862433296,Mid (2-5°)
31,78,Kacharakanahalli Lake,13.01783394601104,77.62623351253467,6.220773588238885,0.8450203045514675,0.0112984310150146,0.8337218735364528,1.524931829558728,0.022438645001081,1.5024931845576468,1.6697962357943668,2.831760598241768,1.5064627281343548,0.8038142605181927,26.842260244792,892.6427707531608,2.5099350189592498,0.0083324378356337,1,0.0018162421208152686,0.13402221793005029,Mid (2-5°)
32,117,Palace Grounds Lake,13.002096101404216,77.586246223986,3.4066349163579006,2.4212769878183007,1.5603422874969282,0.8625488621306575,3.82808819563074,1.5608930018107097,2.2688093556293163,0.9129749990764944,0.0014622368267782,1.0638628153163936,4.6340596405911905,26.79990728365379,924.484638554217,3.85460010981823,0.0666633397340774,4,0.4580303806564398,0.2531967420368089,Mid (2-5°)
33,145,Thippasandra Lake,12.870760238967572,77.55568900091396,0.5544916768062818,0.1425052252326915,0.0419896832784016,0.1005155419542898,0.594163013912525,0.0419896832784016,0.5521733306341233,0.1473438836280971,0.4447110151587592,0.121890366497663,0.6983959193829307,26.5727854522104,888.6566153846153,4.032269944851215,0.0083372443914413,16,0.07572644466054121,0.18127511405262464,Mid (2-5°)
34,96,Kundalahalli Lake,12.96967141322613,77.72046450298015,7.485939865890203,5.657585590218439,4.747831405045254,0.9775445705244276,8.990205993185107,4.757530328877767,4.300478711233201,1.9879981425989688,1.4562545926756016,1.1341962465094275,4.543256372000999,26.556426824336537,887.7851624994286,2.9961864169464465,0.0250020548701286,1,0.6342331744713604,0.13058408002696148,Mid (2-5°)
35,146,Thirumenahalli Lake,13.092869503257324,77.62884158544712,5.657482298874203,3.197523936382119,2.5355195908036574,0.7055710573857127,4.508463705251358,2.5562494063867307,1.9957810106718776,1.4860900185464097,0.8565770451699048,0.5114796711082708,2.7518140325284466,26.267691881990167,900.4160786442316,4.95291982571471,1.4327305555343628,8,0.44817101616176636,0.12471467343806204,Mid (2-5°)
36,139,Srigandakaval Lake,12.984127976947043,77.50060904903768,0.608447892040178,0.2094060212971805,0.0268729004030913,0.1825331208940892,0.5377110406065299,0.0310826739068124,0.5066283666997174,0.1489562033051135,0.6221596769026214,0.2514024232767143,0.9450143987623228,24.481341007797823,880.4800897363991,4.803648738598997,0.1166681125760078,2,0.044166313590115594,0.2999979509864682,Mid (2-5°)
37,101,Lingadeeranahalli Lake,12.872038845153895,77.51410160549611,1.7507136425900918,0.6663091149079564,0.0,0.6663091149079564,1.1907281419527145,0.0,1.1907281419527145,0.4271905999227287,0.353971765557582,0.9749027565914976,1.8167710320975117,24.400940823807257,841.8986921725552,2.883960960003494,0.2167661935091018,8,0.0,0.3805928615042869,Mid (2-5°)
38,52,Garudacharpalya Lake,12.99079880972868,77.69592357748239,1.1024244912270942,0.6210294405369977,0.4711022736827375,0.14992716685426,1.1763179572824711,0.500785162574419,0.6755327947080526,0.2637843170510086,1.3188831985967298,0.148844692212273,0.694131254235062,23.927653925521355,888.1668214175176,2.1045240706720056,0.1166653484106063,2,0.427332917067508,0.13599767426010106,Mid (2-5°)
39,55,Gowdana Kere,12.907623040353732,77.55623715379377,2.4786310116218124,1.1854016790621889,0.1807703426281299,1.0078608438803478,1.7550821247165656,0.187381349574569,1.5709302825882852,0.5816475848034628,1.8052377650606248,0.8209671442926944,0.6984304680314405,23.46648541377203,873.1361437456806,3.3856898012207393,0.2083997428417205,2,0.07293152622578083,0.4066199604356949,Mid (2-5°)
40,27,Carmelaram Lake,12.91761871849594,77.71071170283464,2.088082682677624,0.6876124558637033,0.1114137727101643,0.576198683153539,1.1207754447986875,0.1142379131606357,1.0065375316380518,0.4748587714590435,0.4287999854318456,0.9793083884434916,2.4656361701566407,22.741377791137793,887.4132744809548,4.430353214981628,0.7919002771377563,1,0.05335697366509183,0.27594629653968417,Mid (2-5°)
41,100,Lalbagh Tank,12.946100391651871,77.58337938025863,12.405273321608002,10.436331146352432,9.418763209484824,1.1912516668247406,16.62676211994196,9.67739559847514,7.180242098757678,2.8169363838140953,0.2276529420316608,1.3431874157006762,9.164420749162163,22.70757210086974,904.88356447655,6.923321278302511,1.0085248947143557,1,0.7592547915150604,0.09602784525108131,High (>5°)
42,25,Byrasandra Lake,12.97845422714567,77.66201300911695,2.8316113574517936,1.8461799891522972,1.2686629821114137,0.8349200282272639,3.8397934272182694,1.372674973126081,2.7415508267575937,0.6149125887752359,1.161726163575914,0.6248194306935827,2.398987991241256,21.715995281520705,892.111337244104,1.9085384518118595,0.0166674852371215,64,0.44803570192383363,0.2948568581030908,Low (<2°)
43,98,Lakshmipura Lake,13.085595123900896,77.53040958036848,2.714729585903392,1.228236775871227,0.1161813187917073,1.1120554570795196,1.696233501594394,0.1468401341756184,1.5493933674187754,0.5890817568356382,1.5124117882906838,1.4508032135757745,1.1039764749160466,21.69946354489694,885.4635894855995,2.4308816619135873,0.7996875643730164,8,0.0427966451594276,0.40963765336113805,Mid (2-5°)
44,47,Doddathogur Lake,12.85746345629954,77.65968275948435,5.501957242000803,3.480888566099678,1.9108682823420509,1.600782695513956,6.871510454495499,2.6094410481641184,4.315366886342367,1.1451511656413362,2.82530137369991,1.776938374151093,3.219745316270815,20.81352353848716,910.6404745636374,2.6795990171251227,4.3773980140686035,2,0.3473070033614361,0.2909478618434022,Mid (2-5°)
45,107,Mathikere Lake,13.034928880246378,77.5507698260525,4.307804776728011,2.4882617045074653,1.2984811504902558,1.2483129861599789,7.448728404840707,1.364450644873326,6.152063501519097,0.894462367280449,0.8300522335097368,1.420120614266987,9.00083775774588,20.7637628360642,903.6722948699526,1.92563197977722,5.215628147125244,128,0.30142525434416645,0.2897793773997655,Low (<2°)
46,85,Kasavanahalli Lake,12.904417839227897,77.66763416782703,13.04400757321826,12.185462712183442,10.355023122274362,2.0931424827585645,17.048168275926876,10.563506629945342,6.768863224757575,2.618187688600129,0.4413886064432181,1.8311296524646223,7.6918886224814,20.07195774691015,884.9298001783186,5.745331581654417,0.1167057007551193,128,0.7938528910037682,0.1604677451319616,High (>5°)
47,130,Sarakki Kere,12.899023783834648,77.57894493153546,21.34402416952397,18.256094326431175,16.46087535188214,2.284651353661531,20.44159538087683,16.69693035524356,4.245255444003834,4.251673970051185,4.614401251113494,1.5994764586190608,2.874065051294963,19.919739296968807,900.2288357961614,2.499963751792301,4.952043056488037,2,0.7712170498469438,0.10703939123736876,Mid (2-5°)
48,54,Gottigere Tank,12.852978396088687,77.59026096996043,12.004251310873594,5.0614675387618115,1.95282073449328,3.7046192063325374,7.08264570555394,1.9575013224283853,5.721116785189561,2.335469988254223,3.011928449919458,2.5234093529994195,3.4337356885523573,19.45535733776855,918.6449120406014,3.500204325990076,0.0083378171548247,128,0.16267742851437905,0.30860893448447296,Mid (2-5°)
49,135,Shivapura Old Lake,13.026819980150336,77.50471602919691,1.5449986989099835,0.7024643009599673,0.1621977192663056,0.5402665816936617,1.430360224475736,0.1807682857513427,1.249591938724393,0.2964256363937278,0.7942341825861714,0.6635446768253299,1.206539722978679,19.18614149014235,896.5791805094133,2.0488686942842977,0.0333283133804798,8,0.10498243097598606,0.34968740237440116,Mid (2-5°)
50,3,Akshaynagar Lake,12.871746433650207,77.6142692467821,1.1875241815095785,0.8652119366086074,0.4043407821665246,0.4673310824460298,2.402743871165755,0.4164373161091523,1.99276648306055,0.2262684417455336,0.2626712908337162,0.5258186742535759,2.176430482176238,19.053796568411904,901.4487622337364,2.535673409391561,0.1584077477455139,1,0.34049056723419924,0.3935339504850835,Mid (2-5°)
51,37,Chunchagatta Lake,12.88777293723124,77.57546127645824,6.474151125320735,3.9153527345964023,2.819509515423744,1.1168366854863383,4.9581347233342195,2.848976199962641,2.1301519896852583,1.2256342144555985,3.3298947566527324,1.512514510639166,1.3102699819791706,18.931195622883752,908.94250990753,1.7915179293662742,0.016673307865858,16,0.4355025795422814,0.17250704592272076,Low (<2°)
52,68,Horamavu Lake,13.0234630286734,77.66730636354119,4.614853544395296,3.349800516689525,0.6232913937731973,2.7378073036872017,4.9712086921128416,0.6263548674549776,4.356152005428737,0.8273169845286849,2.086002838530696,1.9319094959797567,2.1014307315487333,17.927264138933616,896.7239282005639,3.9676055415211433,1.2831885814666748,16,0.13506200961245668,0.5932598461357994,Mid (2-5°)
53,111,Nagarbhavi Lake,12.96512245893655,77.5089551130528,0.8875362890984033,0.3895498007820479,0.0339022588094075,0.3588763274238935,1.2314208500900767,0.034775927138983,1.199873708402347,0.158527101401036,0.3844850975400637,0.463659995438819,1.4337078458893224,17.861478268350535,846.3230293663062,3.459445440649434,0.7750649452209473,4,0.038198166346355075,0.40435115930691146,Mid (2-5°)
54,38,Dasarahalli Tank,13.040938080379156,77.51222178496144,5.82432466497085,3.4593735258364213,2.8883276226662034,0.5835331450543372,5.008429844446618,2.898226323713415,2.1231148108383873,0.9896387612431344,1.6977613007484385,0.7402473485066533,2.067487860871359,16.991476577449475,890.9721664275467,2.3995720857082508,0.0083316499367356,64,0.49590772987595105,0.10018897960202527,Mid (2-5°)
55,67,Horamavu Agara Lake,13.03551737055676,77.6587825169042,14.386911314951588,10.853421067986584,8.737573143621209,2.805262765330396,12.110086041733483,8.805586863924912,3.9984963591287648,2.38499711576225,3.140647101295322,1.8705938354417393,1.4160604135037094,16.57754790831054,883.0846858390285,2.199969580170722,4.124431610107422,64,0.6073279352560331,0.19498714518487567,Mid (2-5°)
56,40,Devasandra lake,13.00146711300279,77.70311597111605,3.4236964712045705,2.768296517900952,2.396184630959704,0.4287279053277907,4.635793051922367,2.5003014864304487,2.2000581350109623,0.5670583664793127,1.4390773039165818,0.4158083153135012,2.030804758107803,16.562752313139566,883.9761119440282,4.6414545066055215,1.133295655250549,32,0.6998823205015736,0.1252236899309447,Mid (2-5°)
57,86,Kattigenahalli Lake,13.11470604186908,77.62870154197827,5.4566227068762645,4.547413468640893,3.716066679496515,1.4050742166885668,6.7537275465642415,3.7205969596862793,3.607516043980418,0.9020464618313856,0.5404777970317766,1.572068400539323,3.6693664965645767,16.531222888008273,906.047589229806,2.7599784267829506,0.1582567244768142,64,0.6810195388465552,0.2574988765336362,Mid (2-5°)
58,144,Thalaghattapura Lake,12.866807330378649,77.53137701574505,4.068044733416987,2.6322167268506216,0.5555641212463379,2.0944177329134472,3.601205424716426,0.5555641212463379,3.0634064307792515,0.6704453129722245,1.0852299956033744,1.7619916285705564,2.39237348913654,16.480775333290858,865.6154624399292,3.957907807820965,0.1584100276231765,1,0.13656784958204904,0.514846288613504,Mid (2-5°)
59,1,Agara Lake,12.920763885081588,77.64136384676314,26.72469894477696,22.840236345494088,18.592973515327305,4.4614193589673015,28.247326586764967,18.66137890611736,9.807158149702785,4.373061777733696,2.0815205898758644,4.49692326280382,6.882121948627147,16.363371526729065,877.3054382884401,1.8447189205626704,0.0083355968818068,64,0.6957224683334026,0.16693992954555753,Low (<2°)
60,156,Vrishabhavati,12.920521985102395,77.50049244727587,33.729295355027205,12.40283602752384,0.0711833516428828,12.331652675880958,49.98401244807025,0.482509136677661,49.50150331139258,5.491957145145389,27.60657071917367,13.672110044254948,50.57175881910974,16.282454428229958,794.27712213849,2.98550707535742,0.0083355968818068,64,0.0021104310331307653,0.36560659053445005,Mid (2-5°)
61,58,Gunjuru Palya Lake,12.919058746365748,77.72142862960163,12.819448735931994,3.7645607561084033,2.0077183165706067,1.868255428200516,4.582591202923146,2.0129613026891966,2.681042888896668,2.0239496490643067,1.5864371117106917,1.5668167727152502,3.575659515146491,15.78811765432098,875.3779082177159,2.5322100696737384,0.0083356536924839,4,0.1566150275201083,0.1457360192848176,Mid (2-5°)
62,141,Subramanyapura Lake,12.89621448522282,77.54290626308375,3.656729347109326,2.15271550279904,1.0387385073184343,1.1169343384542023,3.3723282689402456,1.101311450322469,2.2790909449249463,0.5710030279765409,1.5708095460914169,1.7184863750193482,1.5489546896506916,15.615129635665362,848.3974713916571,5.9660837584621715,1.575626254081726,32,0.2840621792639823,0.30544626972109595,High (>5°)
63,92,Konanakunte Lake,12.891298765845894,77.56843423601899,2.033049715438544,1.1488546680964051,0.0,1.1488546680964051,1.941256616359536,0.0,1.941256616359536,0.3104896397599364,1.1402678493330214,1.3912036818749922,1.396333269683738,15.272112501831344,905.980862850428,1.591440794200571,0.0416826829314231,2,0.0,0.5650893135432198,Low (<2°)
64,59,Halagevader Halli Lake,12.924033216248748,77.51497862796384,2.841294239783194,1.5083516372206944,0.5392935541788737,0.9868192495508132,2.8280790274980334,0.5792228201373729,2.266617373869653,0.4228485198874878,0.8868826199310901,1.1704906117133849,2.280869144825656,14.882250277597208,813.2840977488863,1.8609567662503463,0.025006640702486,64,0.18980559866971913,0.3473132897443641,Low (<2°)
65,14,B Narayanapura Lake,12.996369876041287,77.68277699822079,1.2442216766716452,0.6861849062945796,0.1824041200002034,0.5279937224414302,1.119460419970743,0.1895065798187255,0.9541667762990714,0.1815241763475205,1.732310198021184,0.5064838386640361,0.5641581692804074,14.589375812283448,894.8993122420907,0.8934365471914677,0.0083331260830163,1,0.1466009823009542,0.4243566338225513,Low (<2°)
66,44,Doddakalasandra Lake,12.882075315569107,77.56165804962087,5.803743398569146,3.8251030987234698,1.3451993985688453,2.840011102426068,5.399448149066501,1.34845457127889,4.412734896553887,0.8464756544758915,1.2853675703734355,2.4402837013613627,3.0845749695208187,14.584994482777812,893.0858338737252,2.8624531626139147,0.3584813475608825,8,0.23178133597369083,0.48934125914771565,Mid (2-5°)
67,125,Puttenhalli Lake,12.89046625504118,77.58730179644434,3.3943293367572855,2.4458531587583248,1.4359560729008096,1.089715621773215,3.795750905970156,1.4616102248716667,2.414883806378233,0.4847378410075069,1.8945840675144563,1.1780202607288237,1.440798465994044,14.280813466102645,907.9137897021108,4.154666222207149,0.0917027369141578,4,0.42304559470726716,0.32104003874127784,Mid (2-5°)
68,109,Mylasandra Tank,12.908148528172022,77.49295163059372,3.159975451887542,1.5929125098673504,0.4133764278411865,1.1811508306630454,2.930428058458715,0.4149911843617757,2.5170516227338204,0.445120388541128,0.7275753333322363,1.7656661631615334,2.7837083266404092,14.0861976720498,800.4463203463206,4.739973259901073,0.0083360122516751,16,0.1308163414985598,0.37378481214387627,Mid (2-5°)
69,93,Konasandra Lake,12.892364819323038,77.48386915601256,10.504325276348638,7.904312505668691,5.361308307520549,2.6205170609258515,10.16849799249188,5.361308307520549,4.88470254774904,1.4512388119147808,0.7418126018564061,1.9537985090936405,4.609504911262161,13.815630930454578,783.7312269718609,2.4145102898862874,0.0333461463451385,16,0.5103905454633988,0.24947028885578815,Mid (2-5°)
70,34,Chinnappanahalli Lake,12.965899542357478,77.7071336932344,2.6950024717682495,1.9262624875720655,1.4574698069803074,0.4971046034260669,3.4637418303550764,1.5734085009456458,1.9210066934129304,0.3478279015081069,0.9661903963300916,0.6288514986394745,2.318043926197626,12.906403803032116,884.5299423703334,3.254765010640246,0.0416704341769218,8,0.540804627174991,0.18445422912725784,Mid (2-5°)
71,50,Dubasi Palya Kere,12.930906716779104,77.4948486538195,4.0859105861110345,2.117253452915367,0.4467402763391632,1.6705131765762034,4.150826141285117,0.4537052679697672,3.69712087331535,0.5249565340782617,0.8949931970962822,2.3211872333990367,2.6139510500111296,12.847969210650662,807.594958968347,5.636861841416285,0.0250057429075241,4,0.10933677253186544,0.40884721810963465,High (>5°)
72,137,Singasandra Lake,12.882218148493388,77.64546471624104,2.0081188734436033,1.757642381574344,1.217412662216386,0.8233530282413256,2.9281903866357744,1.3334141367320145,1.919374495651644,0.2577151807772567,1.4838030120241257,0.7670336515244626,1.28278745936774,12.833661601681795,905.3967632027257,2.165643883665336,0.9920964241027832,32,0.6062453166075361,0.41001209596193205,Mid (2-5°)
73,9,Andrahalli Lake,13.01093089516202,77.48615165564563,3.549735056047627,2.1168359893404896,1.6544556629180909,0.5398572267774195,4.119096236907361,1.6544556629180909,2.5421174743442916,0.4411880259285721,0.2777586687260048,0.532723676793217,3.0418945069700754,12.428759300695614,881.0625301088738,4.155460433965014,2.2581770420074463,16,0.46607863313613257,0.1520838085810583,Mid (2-5°)
74,5,Ambalipura Lower Lake,12.916994280641036,77.66490178165023,2.194087861926509,1.71764489644917,0.6297312315622965,1.141198655070386,2.550448386705685,0.6593908730440825,1.9443425038451152,0.2616375908521265,0.6142314094698039,1.2523722496626115,1.964065149341658,11.924663336973062,889.1963868556297,2.455391372852358,0.0833573639392852,1,0.2870127684902116,0.5201244101812594,Mid (2-5°)
75,39,Deepanjali Nagara Kere,12.94922037326571,77.53094389810916,1.4157398143513995,0.8096905309151047,0.2872088940235213,0.5257106238860085,1.7424808039232644,0.3257034407691705,1.420006350148519,0.1598348740895588,1.0864800712405935,0.6281391944984984,1.2574800842190414,11.289848068784083,823.3274123859818,2.8332947883763913,0.6084211468696594,4,0.20286841629519464,0.37133279615142784,Mid (2-5°)
76,106,Mallathahalli Lake,12.965140690150449,77.49451172119795,13.682834263344564,9.054826846223222,4.26648095358406,5.0369627831014,10.524212244451686,4.281573925616694,6.492869596427968,1.5144592516067603,3.4533831116365907,2.642891752824472,2.448448692196117,11.068315397665083,841.104688359074,7.078656158295264,0.0166682936251163,8,0.31181266040864714,0.36812276507617286,High (>5°)
77,45,Doddakannelli Lake,12.911890840928043,77.69348851887294,6.620274250452378,5.630636351334812,4.565415942685994,1.204714013959597,7.9903331830163085,4.663338131078084,3.4836237875441007,0.7277487726528195,0.613170454822615,1.2113058292678132,4.633173223701925,10.992728475003748,884.8959573476885,2.734282358745787,1.542150616645813,16,0.6896113015822614,0.18197343016073333,Mid (2-5°)
78,51,Gantiganahalli Lake,13.138236915569406,77.57742306465795,19.928855241875755,11.519487232005796,9.076043095348084,2.576879025951709,14.299233774525256,9.082818926493326,5.350317908945023,2.1303897998779893,0.6305253056819143,2.635550800298553,7.41376500197866,10.689975786474085,901.6244083956376,1.4514582781432237,0.6829474568367004,128,0.4554221998801484,0.12930391608932007,Low (<2°)
79,23,Bheemanakatte Lake,12.915130085030173,77.52870815699806,0.7108136510662005,0.2786734424421522,0.0,0.2786734424421522,0.7145754682433682,0.0387022853108325,0.6758731829325358,0.0740169271676056,0.6503722960912167,0.3595418806701859,0.6570476731867573,10.41298616825695,841.7685274302213,3.79557905447265,0.700210690498352,16,0.0,0.39204852358160236,Mid (2-5°)
80,159,Yelahanka Lake,13.11353974982512,77.59347334803519,96.00122626501349,90.72614112517316,86.33840447454963,4.985338876306872,102.74724735550228,86.59226099757875,16.832627867297507,9.827204937097882,4.7043725652881685,4.624975865048676,15.86080925804786,10.23654105205872,894.8550937831823,1.4298162713142182,0.008329258300364,64,0.8993468920512596,0.05192994996277167,Low (<2°)
81,104,Mahadevapura Lake,12.987433073351456,77.6924113575015,7.541746518874827,6.54282189383164,5.528156426412546,1.2079767047503107,8.906690467894808,5.636273414931453,3.485112414291482,0.7519005742410895,1.3361089477563997,1.1029238176213685,2.837963539834116,9.969846803512928,881.4386272657756,3.134010608683218,2.0666308403015137,1,0.7330074555777176,0.1601720107838538,Mid (2-5°)
82,72,ISRO Layout Lake,12.897852980860495,77.55454299205834,1.691910455097872,1.1936790973279374,0.6957267991683063,0.4979522981596305,2.493677221239875,0.7118939655009751,1.7817832557389004,0.1660032228601991,0.2566922112064735,0.5186409818043428,1.988872379936766,9.81158443462638,869.3307054780678,2.874061330776396,0.9670432209968568,64,0.4112078136712386,0.2943136243760757,Mid (2-5°)
83,112,Nagarbhavi Thorai,12.954774733612108,77.51466053851422,10.020582052830724,3.665370166905723,0.0070971837655858,3.658272983140137,19.756558154998473,0.182773513441896,19.573784641556575,0.9747436932108758,7.621184292589078,4.327228310942808,27.78366366078198,9.727415913285393,820.992271919025,3.4394094727483977,0.0083345156162977,2,0.0007082606307865029,0.36507589717372835,Mid (2-5°)
84,80,Kaggadasapura Lake,12.981350433081964,77.67081485026253,11.792143982959823,8.108254775848385,1.7003716613510227,6.469276643350138,11.036183675900128,1.762917462240481,9.33622338859658,1.1030558549255176,2.9267520258515805,5.226843031757827,3.7153333799569146,9.35415863747494,885.0517538815403,2.017095518326401,0.0083336411044001,1,0.14419529339262954,0.5486090275609365,Mid (2-5°)
85,70,Hosakere,12.926777467658605,77.48125017978349,11.925200619868852,6.1097887116331195,0.7572678716023763,5.352520840030743,8.445872334628637,0.758882493464152,7.686989841164485,1.04225697227877,3.669255054553162,5.549602239157482,4.640252738009684,8.739953360132505,800.8496283754699,4.5425077633789055,16.71013832092285,4,0.06350147856973365,0.4488411566940672,Mid (2-5°)
86,61,Haralur Lake,12.896628304542794,77.66280255958233,7.932285794605927,6.822697730123978,6.095597764600865,1.8788747797832617,10.479216555262544,6.147614132750268,5.505579468588736,0.6807722484015173,0.8724887698723288,1.3720798327442243,4.39551097253737,8.582296024488334,889.4597730900306,1.709064359362741,0.0083363987505435,64,0.7684541281588673,0.23686423162676823,Low (<2°)
87,33,Chikkalasandra lake,12.915288997678598,77.55313827002516,2.1610864384131334,0.4447792690157423,0.0,0.4447792690157423,0.6753531433853449,0.012949300178079,0.6624038432072658,0.1832597409027697,1.9912250851375604,0.7738628103064243,0.3198830722803851,8.479981996339571,872.6772201994618,2.6148338175110557,0.0333429388701915,16,0.0,0.20581280836797058,Mid (2-5°)
88,142,Subrayana Lake,12.86362129366551,77.58491711006387,1.036166656589882,0.5398831451116824,0.0387607678731282,0.5091975435593551,1.546212351976781,0.0407368174923167,1.5135507008052649,0.0875410279601851,0.3551878274461335,0.642326754849004,2.224713202390484,8.448547094565903,926.8016501650164,3.0070250494842083,0.1834243834018707,2,0.037407850973214474,0.49142436722985294,Mid (2-5°)
89,124,Puttenahalli Lake,13.111411030772032,77.57641471117208,8.443043142173627,7.125578666319015,1.9156160192781335,5.376851685257962,12.80448694563473,1.97019536559161,11.032747549027087,0.6931238058287178,0.8674462755340375,5.7463036219089565,7.762420649176698,8.209407368375425,900.6083061584014,1.8046080280473609,13.327052116394045,1,0.2268869158928597,0.6368381156789533,Low (<2°)
90,136,Singapura Kere,13.082462806971574,77.53518207283888,8.072643583628338,4.33818812786227,1.4473791538747152,2.9263092393633277,5.689901226702921,1.4538970488230387,4.2715044432556555,0.6289181673720615,1.8810330277591285,3.388406448475457,2.461726184964648,7.79073373990565,890.1986281068728,2.9134772851272603,2.299147367477417,8,0.1792943214797766,0.36249701960061836,Mid (2-5°)
91,99,Lal Bahadur Shastri Nagar Lake,12.96802477519852,77.67691153377919,11.135766333396768,8.987983768892976,1.557853706319971,7.501669085464976,12.203027181801389,1.6862751759128944,10.59262768528608,0.8471229808049422,3.0031365945329855,5.743155798276515,4.761455158354815,7.607226619549068,883.2153296621522,1.7551031867189937,2.06685733795166,1,0.1398964076363459,0.673655396572669,Low (<2°)
92,29,Chelekere,13.026594703315864,77.64510807725,2.9414358670911604,1.912721203994252,0.7556512711837868,1.182894002787272,4.519255952334934,0.7802601780954997,3.764819844216241,0.222074112860985,0.6602132604596505,1.3985248724774129,4.16073169271681,7.549853979328747,887.1413166855839,2.322881474685046,0.0083321304991841,4,0.25689877506357606,0.40214849353729326,Mid (2-5°)
93,157,Yediyur Lake,12.933624252081572,77.5766528097287,3.8840622334858015,3.688303908817566,3.0587907022079768,0.6967181791851568,5.853940496008879,3.1456241579606803,2.7809729425607315,0.2902403340612673,0.7763721985990238,0.7811012973650765,2.479234135688332,7.472597415123995,908.555965559656,6.183740381332762,0.0916879028081893,64,0.7875236075872105,0.17937873733806733,High (>5°)
94,153,Vengayyana Lake,13.016536819104063,77.69922956789692,14.154800670462194,8.128196603746604,0.0629486100514729,8.081388663708557,11.669388051012326,0.0803678595095366,11.605160861516216,1.0472967771048955,2.534621511828852,9.23629421523749,6.221210081555733,7.39888043277333,881.4219958323691,3.966956842860625,5.749464511871338,2,0.0044471562346216666,0.5709291746207739,Mid (2-5°)
95,63,Hebbal Lake,13.04705059740462,77.58628405047017,45.28392121431239,39.84251730619594,32.669093943904805,7.938679548373251,49.46436212314831,32.80041354522705,17.48541220783459,3.2435559260713664,0.8911982875135832,9.06087814244488,17.029126288303562,7.162709940070762,891.344560933368,2.1100325744288795,0.0249942205846309,1,0.7214281154958693,0.17530901334277915,Mid (2-5°)
96,42,Doddabidirakallu Kere,13.043049587492616,77.4955523373924,11.45499852283553,4.568080753723344,0.0,4.568080753723344,6.26223728303149,0.0,6.26223728303149,0.8196969129146007,1.073785061277003,3.517899262484882,4.827878181126412,7.155801122807093,875.4322542145312,2.068982772977961,8.456657409667969,16,0.0,0.39878492735000176,Mid (2-5°)
97,79,Kadiranpalaya Kere,12.983758433611657,77.63599700480563,4.8598796139646065,3.2032933361980955,1.5125770313262938,1.779501473710303,4.957703247717066,1.5125770313262938,3.5339113852292736,0.326172327208176,0.681875003308564,2.0246739905333673,3.1611493744644483,6.711531007289505,892.0808792447511,3.9253598418020097,0.0083335554227232,64,0.31123755143645615,0.3661616367197656,Mid (2-5°)
98,155,Vijinapura Lake,13.00901091674756,77.67658852687461,1.673324603711296,0.8602792031680836,0.7566909884987626,0.171381139677459,1.4295434496227586,0.7570201404571533,0.7403162341737435,0.1122409824790206,1.4133671075838372,0.3070365466787301,1.0423024824454112,6.707663428248132,890.467946100449,2.510791979404603,1.1915875673294067,128,0.4522081291463021,0.10241954208845656,Mid (2-5°)
99,115,Narsipura Lake,13.072648114030994,77.55874346146666,3.62940563165403,3.107410972702923,0.6022680771502327,2.521204045327878,6.120849839522915,0.6309604462816824,5.507640192674624,0.24313247803981,0.5704575982680975,2.5677043282328085,4.251224671515171,6.698961282236376,908.4819949281488,2.7392874941166836,1.774384617805481,4,0.16594124170016258,0.6946603111371954,Mid (2-5°)
100,128,Sampigehalli Lake,13.077681268458669,77.62364376174892,2.939476521618412,1.3709302163471893,0.617121175887164,0.8667666231880934,2.740314554196028,0.6758336427790823,2.1790521683088313,0.1956599325097775,0.6806562439009722,1.4476657814918468,2.3104005476723475,6.656284922529385,901.96859004188,2.354257771335351,0.0416520982980728,1,0.2099425429489025,0.29487108225340425,Mid (2-5°)
101,91,Kogilu Lake,13.110236255646962,77.61904586051043,24.117815672179574,15.100112897902344,3.654005356461768,11.773704692597732,18.47425505552803,3.65935824991862,15.145657610357944,1.570245115107119,2.3533402613292025,6.3976042361754395,5.65983986309575,6.510726910142327,896.4728568998751,2.9127411803872496,0.0083293439820408,8,0.1515064799453104,0.488174586481269,Mid (2-5°)
102,108,Munekolala Lake,12.960898656256166,77.70829905177543,4.391107579288856,3.856614301579792,2.991152868360631,0.988030613619736,5.931670928992477,3.092779289349325,2.979346077661951,0.280269634835237,0.6672993898927775,0.9420291874729732,2.6576969708850333,6.382663821700923,879.0513358185773,4.561316348091534,1.4667882919311523,4,0.6811841464483207,0.2250071527010387,Mid (2-5°)
103,152,Veerasagara Lake,13.101982746998315,77.55655652664406,6.538603706129483,4.089377151033489,3.066137159472696,1.076119350497177,6.167512965312284,3.083601203993255,3.13877164761562,0.4045129850305295,1.535247826611388,1.588138968178743,3.433863122866762,6.186534667200077,908.8387670731072,3.838178327942738,0.0166592039167881,128,0.4689284283429514,0.1645793809905302,Mid (2-5°)
104,134,Sheelavathana Kere,12.964500799128748,77.74300191167788,4.4653079313719495,3.974582283332175,3.071014165393605,2.49274279056923,6.139495486399832,3.094856657383738,4.639663325857524,0.2758718931360182,1.565261455363354,1.3996757445760488,2.594247614889207,6.178115762136422,867.6301820406911,2.4788461147699397,5.875323295593262,8,0.687749694442696,0.5582465596730624,Mid (2-5°)
105,57,Gunjuru Lake,12.916958543452626,77.74024489236726,22.03662371149998,1.6246260237345975,0.0484408362070719,1.5761851875275257,2.431615587908676,0.0484408362070719,2.383174751701604,1.355497164017421,2.0677583438589062,5.504290843582652,5.757414118831362,6.151110904117514,877.8188265234862,3.495601685653619,0.0083357188850641,128,0.0021981968218567293,0.07152571138676662,Mid (2-5°)
106,113,Nagawara Lake,13.044991240812452,77.60938980078092,19.98963665112963,18.91986345222872,17.82657961397956,1.244400549239115,23.22876094392714,17.91243241074506,5.492242190052605,1.1465253214887234,1.7738928935994664,1.3267157985841835,6.250936049019804,5.735598607911327,890.4663385120236,5.422063741187796,0.0333262644708156,128,0.8917910778019154,0.06225228456910411,High (>5°)
107,97,Kuppareddi Kere,12.845056879457092,77.52361784126207,3.41807241314757,2.980247241386961,2.131022775440091,0.905266935636732,4.147937360534668,2.1416891264597577,2.064393568954468,0.1928995527658898,0.0025272424201715,1.0418572850001715,4.953761079151431,5.643518610779114,827.8214214214214,2.510944965425077,0.3418563306331634,8,0.6234574689650051,0.26484720807980394,Mid (2-5°)
108,16,Bagalagunte Lake,13.05884239393804,77.49937518559601,2.9891722814223356,1.6756231734910356,0.5067330083211262,1.1785729652085648,2.530543961386587,0.5067330083211262,2.0334937531041164,0.1602977205578174,1.3842910221628426,1.2776788163572823,1.108647415391511,5.362612304217644,876.0931669909577,2.3374683000313623,0.0166621841490268,64,0.16952285134934003,0.3942807085872499,Mid (2-5°)
109,121,Parappana Agrahara Lake,12.87883429836661,77.66108455466913,4.266016824660958,3.5163835114497775,2.656756277778476,2.2814122548855056,5.713318570951077,2.743437452434964,4.447549486664916,0.2272372635281631,0.8110646667111464,1.7627702666443466,2.958757281897052,5.326684653809889,905.4868442162682,3.0240551146605266,0.0083369724452495,64,0.6227721049810022,0.5347874489610859,Mid (2-5°)
110,60,Halasuru lake,12.982697388966644,77.61971614840355,37.82345834809546,36.33114863838694,33.52969812534258,3.511176863505046,46.42163438951829,33.98717828415216,13.285181602294026,2.000092965445425,1.70830469079909,3.993605189865713,11.65874536777371,5.28796956385702,895.5232281042295,1.1106186269301668,0.2833359539508819,4,0.886478909907267,0.09283066691551874,Low (<2°)
111,118,Palanahalli Lake,13.115942427181013,77.61676134583574,7.300010767986824,5.813645144637864,3.0822752464498886,3.232768908745262,7.367137124579934,3.0860146235985852,4.782901145034491,0.3737286804842482,1.5590518595631917,2.5246749162212696,2.263368287981818,5.119563413840197,900.5797556065356,2.6564485156986497,2.23214054107666,2,0.4222288629993226,0.44284440276747505,Mid (2-5°)
112,20,Begur Lake,12.873969501844538,77.63054335089946,42.77824065503287,33.19044807019851,16.563823520972058,17.2348310542083,37.41178952046163,16.60500156695048,21.428547360173145,2.133654194303525,4.006400628969778,10.39604318503038,4.7008049855126295,4.987709082076288,894.4553758834031,0.972687309874638,0.0583600476384162,1,0.38720207440376164,0.4028877950636481,Low (<2°)
113,31,Chikka Bellanduru Lake,12.913026726682936,77.71943122970869,20.100017533201324,5.717079116437826,2.3849447390238443,3.3547405292491046,7.953581921205708,2.3849447390238443,5.591243334016988,0.9726469442604414,1.788713917952394,5.572713633388447,5.842350978511235,4.839035302600197,877.2130508762976,3.442175380293562,11.737753868103027,1,0.1186538636140182,0.16690236830429253,Mid (2-5°)
114,127,Ramapura Kere,13.047130418706944,77.68706600729922,42.17642313589662,23.63302546267092,1.2560463888001283,22.773992989504944,29.089335653645623,1.26528024113973,28.222683204228503,1.7763416041535027,2.6650431442624756,10.503795729591015,7.583525905991099,4.211693339736169,872.6200596096833,1.2143102165719148,224.14503479003903,2,0.029780770757942707,0.5399697578935245,Low (<2°)
115,0,Abbigere Lake,13.079431918151192,77.52858760777931,9.899677234894996,5.476681093900594,1.2069153976390563,4.2939707005085666,7.800793840038824,1.210250320180257,6.614748524105596,0.399088900273641,0.7620636302583982,4.202792701371139,4.7562672125927286,4.031332444525643,883.0164336267909,3.1536198584008215,5.506420135498047,32,0.12191462095196862,0.4337485554956188,Mid (2-5°)
116,148,Ullal Lake,12.961146179077367,77.48087915284997,9.844569769619213,5.498905895271551,1.5950468649546303,4.000724318097682,7.781705565131194,1.5986112383409887,6.279959614570966,0.3836295102337606,0.748751827642902,3.6961134146437296,4.645473055748532,3.896864151622539,837.4350832088389,3.060995942067808,2.800201654434204,4,0.162023013933734,0.4063889445371293,Mid (2-5°)
117,81,Kaikondrahalli Lake,12.912892311757597,77.67273135244875,16.511430729498784,14.363556248320046,10.63291109314364,3.952147559541688,17.680253846153303,10.712361300986794,7.206871899134817,0.6152774184038748,2.276787821399464,3.920731176583781,4.7854147895877865,3.7263725263047025,882.1507210800858,2.6746205725174335,10.487353324890137,128,0.6439727281868571,0.23935827393085388,Mid (2-5°)
118,13,B Channasandra Lake,13.006294115455493,77.66176829358362,1.7015233101100549,0.7127249181485643,0.0032282667795817,0.7094966513689828,1.8343504660886876,0.0548616002819584,1.7794888658067292,0.0628055965493395,0.5407154652579312,1.1212079564701654,1.5885337676523248,3.6911393559032266,904.0432073954988,2.833852870563507,0.6666132807731628,4,0.0018972803724757053,0.4169773326955435,Mid (2-5°)
119,28,Chandrasekhar Layout Lake,12.8628251585274,77.60781823224278,1.5138408579418705,1.1983448864426955,0.1292030172983805,1.093367440077339,2.2136971735970494,0.1292473517563763,2.108675392773697,0.0506805267488566,0.7420179926903421,1.0058324296195833,1.3338879744231775,3.347810734726698,912.4793931159422,3.279718868569403,0.3001509308815002,32,0.08534782016257465,0.7222472787290319,Mid (2-5°)
120,7,Amruthalli Lake,13.061659792048136,77.5981920127002,7.4344396230929535,4.025925512783576,0.5825750656127929,3.517584361482509,5.3313411931056605,0.5987571154785156,4.806817991938871,0.2457315650376463,2.253503163900438,3.305306943945294,1.729693977203868,3.3053138837035103,895.1895933014355,2.1317821118622793,3.21570086479187,1,0.07836166478549246,0.47314720944886585,Mid (2-5°)
121,94,Kowdenahalli Lake,13.012599350255114,77.68515207362891,5.743700005164054,4.454339082647586,2.969658813524433,2.4868369050074555,7.578452222476037,2.9699436524105693,5.610874088193605,0.1892413216375213,0.2089817324509963,2.121943521587396,6.55670903334574,3.294763331430575,887.6581638720417,3.1930657765473773,3.391390323638916,64,0.517028885710338,0.43296775645865676,Mid (2-5°)
122,143,Sunkalpalya Lake,12.906420778990842,77.4961879176173,5.147789339378209,3.849525838886836,2.2879233198891433,2.0475828435446544,5.9285566315784335,2.2886452168004654,4.125955063179864,0.1660546913860046,0.1398199361339893,2.1717484964996543,4.642163448052998,3.225747606176558,813.3123753821612,3.7229932684554834,0.0166721101850271,8,0.44444773650459773,0.3977596417711953,Mid (2-5°)
123,11,Attur Lake,13.111343332824775,77.5628320143328,22.506600180840596,12.81456721861796,4.817508926623476,8.334386581382995,16.580539884763226,4.871968157069886,12.05223997161017,0.7159722559187146,1.08765162619597,7.929372638330393,6.856474304670442,3.1811657476734623,903.4767322083196,1.720918639395957,0.0083293439820408,4,0.21404871850545076,0.3703085545758211,Low (<2°)
124,62,Haraluru Lake,12.891641672794607,77.65513003508902,3.2161476752187688,2.5358190335930715,1.839765595862694,0.7934071886254604,4.171020604386174,1.8867673721333424,2.4005229495329012,0.0979426187128802,1.4019971317869695,0.8230445211552637,1.8110055500598972,3.0453395989106125,901.3184163420026,2.2900274288871487,0.7086127400398254,2,0.5720401491630975,0.24669488740795814,Mid (2-5°)
125,122,Pattandur Agrahara Kunte,12.980070083643056,77.73830432096298,3.542872297399183,2.9210506783992796,0.942383513145696,2.027096112956627,5.033045144115772,0.942795001290016,4.138679090528799,0.1070755666795119,0.5950577406176399,2.145421002441606,3.1720238127799427,3.0222812930095153,881.7935894960415,4.2430975449651465,0.8250246644020081,8,0.2659942086643931,0.5721617780140467,Mid (2-5°)
126,8,Anchepalya Lake,13.050783425012762,77.47953064137124,21.46932714149624,18.241460349404324,13.659200561708936,4.808116094689464,22.51718489215825,13.672510057067871,9.077068841183731,0.6481801183772866,1.6166048729880338,5.683500173687402,8.986117467314275,3.0190984286809543,861.2671050768529,6.770881424024198,14.922003746032717,32,0.6362193128683677,0.22395280778950286,High (>5°)
127,150,Varthur Lake,12.94721129204019,77.73629477017032,154.43985890591773,87.93607574267519,11.292367554717218,79.40971098284052,102.45549448821129,11.319060795732383,93.91984153486068,4.614320634530758,6.148539908614313,33.49546967300672,19.14780754322525,2.987778328224016,862.8362116966929,0.9235215280310918,0.1833599358797073,8,0.07311821983466293,0.5141788625384308,Low (<2°)
128,140,Subedharana Lake,12.859897951377215,77.61652482974566,3.478791661783854,3.0250880524659,1.878671233024348,2.165878106660033,5.021918557400673,1.8921490642896663,4.150484826159508,0.0993480371492672,0.6828325509449078,2.043368192382015,3.3143348083640713,2.855820261979229,911.4272512780178,1.9558028725484564,0.5252687335014343,2,0.5400355685746939,0.6225949459558652,Low (<2°)
129,123,Pattandur Agrahara Lake,12.976570169492676,77.74581432892995,4.518958124470431,1.956062654554579,0.0,1.956062654554579,3.334847279676051,0.0155418536491643,3.3193054260268866,0.121649794118046,0.8480000769262377,3.8957615008938866,3.420898686058693,2.691987638905194,882.8314402544295,2.871590845394041,0.0250013396143913,4,0.0,0.43285699948454526,Mid (2-5°)
130,4,Allalasandra Lake,13.091179583935364,77.58723823075299,13.94838485435934,13.405725105688555,12.030288524179396,1.809916261396222,17.931255583826204,12.386823225430756,6.072076467994241,0.366101617689943,2.297371128386952,1.8461116620237072,4.91547462428922,2.6246882453599913,903.3574948912132,1.9445742989334456,0.0083300024271011,32,0.8624861336844692,0.12975812470721743,Low (<2°)
131,36,Chudahalli Lake,12.838923505762915,77.53328950346743,50.624026579206905,41.00561535746706,33.472318081292045,7.722008609518412,43.30942248346317,33.51036115341187,10.002575619652944,1.2741790243724749,0.1843331947132185,10.835239015920314,14.17874884431478,2.516945234253305,786.5913495978913,4.2533528138264005,6.936830520629883,4,0.6611943052163362,0.15253643637841555,Mid (2-5°)
132,6,Ambalipura Upper Lake,12.913065011240976,77.66311421625305,3.4347974712147415,2.187649444932626,0.3293523425367766,1.993490423476774,3.2850076338061167,0.4025719235064937,3.0180722898131727,0.0847949649197447,0.5936780851261914,1.6565520648746863,2.4458662906990796,2.468703486315202,889.4964659034346,2.727876231823471,0.5168262720108032,1,0.0958869759561977,0.5803807765037633,Mid (2-5°)
133,46,Doddanekundi Lake,12.97538679399143,77.68804390617512,38.04355931065581,29.700742441587767,3.0462406734466554,26.91602310692183,33.57048983661676,3.0462406734466554,30.785770501950825,0.8739820101474938,2.355742195710325,8.696864123713171,5.479910631694421,2.297319246631836,876.2960466600161,0.8913443299480285,0.0166676118969917,4,0.08007244139728584,0.7075053857903035,Low (<2°)
134,71,Hulimavu Lake,12.870360310792742,77.60423495967207,41.09662930671246,30.589088817324665,6.758721227010091,24.119450859942457,35.19341557570814,6.7674231550702855,28.715075690265735,0.8914722650076669,2.719622748102425,9.333764207807052,6.475062251864666,2.16921017622742,899.6849426827947,1.217152169628232,0.0416866056621074,128,0.16445925957986451,0.5868960853196528,Low (<2°)
135,65,Herohalli Kere,12.98901708788825,77.49011358408788,9.856256515221688,8.83433470240774,6.9871989202801075,2.12489934449788,11.822814065710332,7.0247885640816286,5.080517842988157,0.1920502794362984,1.8449812867971176,2.290615129240448,3.946236179984597,1.9485113758930903,888.5443246583803,5.026961745882167,2.458284378051758,16,0.7089100115737959,0.21558888419921432,High (>5°)
136,21,Bellandur Lake,12.934814572221793,77.66379709908344,315.40890498445964,177.4898502433498,43.61569722213496,143.10409591799177,199.28639936107467,43.622009739884525,164.89493402731804,5.618195471696044,4.2005326831697944,51.48890550028485,34.97948524673864,1.7812418682259004,874.2147739150541,1.0895780961308268,114.82073211669922,128,0.13828302414062765,0.4537097515526475,Low (<2°)
137,89,Kengeri Lake,12.916559979018045,77.48804556616695,9.77527636604458,6.071784809496511,0.012917671585083,6.0685553874994405,7.911821673903122,0.0599530872788771,7.861556836212258,0.1699621271120955,3.7044827737710992,5.514667322660455,2.5722612037214887,1.7386938307184474,789.0215633423177,2.599965546169692,0.0083357477560639,64,0.0013214635680228798,0.6208065286603238,Mid (2-5°)
138,103,Madiwala Lake,12.906492240214549,77.6163313324215,82.73265795340143,70.44516221600448,53.63967759090698,17.674768616727924,81.91275328776344,53.74813924379087,29.04789280704423,1.390967899782268,3.927595450085409,20.25012087013292,15.349242027919011,1.6812803241081906,885.2853217940807,1.4514626314367314,0.0166721604764461,128,0.6483495020928632,0.21363714225986924,Low (<2°)
139,43,Doddabommasandra Kere,13.064915240036932,77.56320714849547,33.54657069409537,32.00921503400115,11.019804748796448,21.625261748938957,38.70909165559009,11.16422693639568,28.22264227822049,0.5240576927105275,2.0390009456734255,13.811004684408845,9.660909743330212,1.5621796263150332,902.4898673362457,2.990850784338961,0.0249926298856735,128,0.3284927347502639,0.6446340505602047,Mid (2-5°)
140,66,Hoodi Lake,12.98694936920202,77.72290002806685,8.80726070838778,6.939469837701335,3.9870900779245417,3.666640976539562,9.09840437445946,4.016266984176636,5.802095992425158,0.122828578400456,2.552720113409205,3.2380571308953776,3.3857075048992673,1.3946286191287338,881.8577810581928,4.388603718957278,0.0416672267019748,128,0.4527048999613867,0.4163202496149068,Mid (2-5°)
141,84,Kammagondanahalli Lake,13.068488717827709,77.52410798525513,7.456641703571987,3.625920644540724,0.7289281834720787,2.9292355749915635,5.458322623174332,0.7294091417948404,4.761188237238866,0.1024503285262163,0.8641471747833451,2.980059724888522,3.64023199021333,1.373947315681524,888.483299688016,2.8391455631367473,3.449035882949829,16,0.09775555973447096,0.3928357686260236,Mid (2-5°)
142,49,Dore Kere,12.902693608493903,77.55080031154503,8.915712450459797,7.973703586093677,6.131966675561144,4.4923366934443445,10.558047784690109,6.136190443166097,7.073337342846441,0.1036754654080259,1.0164345763975653,3.988998738706501,3.876024212150324,1.162839941105091,857.9366705024933,8.264140132169041,7.544248104095459,32,0.6877707989836426,0.5038673822654148,High (>5°)
143,26,Byrasandra Melina Kere,12.979184836554726,77.65546759551191,4.0550177963316685,3.63450037279316,0.4778346187591553,3.229309491699817,6.404036602944767,0.5988063375116486,5.87787400309893,0.0468149489084879,0.4664520348427965,2.766941569219851,3.9264305727595894,1.154494289786807,899.2026981450252,3.5341168363319495,1.000026822090149,2,0.11783785984649034,0.7963736915337781,Mid (2-5°)
144,149,Uttarahalli Lake,12.908191284483792,77.54164248615375,3.796415229046391,3.489106189102971,2.370957133980545,2.133980723879945,4.9420351581668225,2.413194083090888,3.557438803932339,0.0437186012048659,1.1264829282643432,2.3007622635087155,1.8028616678429896,1.1515758568866403,853.3554694539557,2.176296271693923,0.0083360122516751,8,0.6245252405059227,0.562104141705272,Mid (2-5°)
145,69,Hosakerahalli Lake,12.926506532686464,77.53406006009116,14.96639107261808,9.294542677701566,0.0226048149108886,9.2751671224088,11.550742423316606,0.025834061940511,11.528137620994215,0.171081125717163,2.685290167887071,5.864265725168962,3.4597035590676715,1.14310206707191,833.3840458835084,1.7953958415332427,0.0083354180678725,32,0.0015103717924520549,0.6197330456891695,Low (<2°)
146,10,Arekere lake,12.882917068993908,77.59856251865409,7.510894383568853,5.220696991256514,2.1405424371372797,3.208359435806773,7.362398845752892,2.158205202404845,5.333386473243066,0.0845516451846851,2.3729091393180304,3.351593141627592,2.609298096082601,1.125720065637641,902.7156621004564,1.9383855966917456,2.2676568031311035,1,0.2849916837893527,0.42716077100292005,Low (<2°)
147,83,Kalkere Lake,13.04732105033264,77.66433496955227,48.58433546233234,43.088372383439314,38.82162154685375,24.613703224709216,49.521727007859674,38.87656926574707,31.015457492885716,0.516176928796706,1.282253480167763,10.923030698611685,10.630366046675642,1.0624348854105463,876.5901072389794,1.4560928829109367,2.1410727500915527,4,0.7990563455777291,0.5066180897707726,Low (<2°)
148,75,Jakkur Lake,13.08676197599291,77.61032801732185,49.63010447345808,44.017478869632875,37.62514757572996,22.93112185623418,52.026239236060746,37.656198814151246,30.932257090610676,0.5103781525575724,1.787613712474848,13.618067757596291,15.811068079632523,1.028364050352785,889.0508694823924,1.8898232886277264,0.0333207324147224,128,0.7581113917632732,0.4620405719374946,Low (<2°)
149,15,BEL Lake,13.05633656442575,77.56435145747977,5.780303236975574,0.8201344810475867,0.0064552675882975,0.8136792134592893,2.301612110869464,0.0086576525669471,2.2929544583025168,0.0584708148447672,0.6465425910116956,3.6834459133003583,4.112528009662007,1.0115527239252746,931.543906333156,4.297426522909506,0.0166622549295425,8,0.0011167697132227076,0.1407675653163536,Mid (2-5°)
150,151,Vasanthapura Lake,12.891151232313254,77.55654516478079,1.8108462402672865,1.030178747891694,0.0,1.030178747891694,2.0082950366759458,0.0027294275096818,2.0055656091662635,0.0121716249667896,1.2480972403756934,1.48730419492734,1.3678412876887105,0.6721512128491427,886.2345702385461,5.250531523302621,0.5835646390914917,32,0.0,0.5688935509729619,High (>5°)
151,30,Chikka Beguru Lake,12.88528076216912,77.63646809113118,9.830310219391468,5.515735648249209,0.0,5.515735648249209,6.925472784666673,0.0100883139546712,6.915384470712002,0.0610813581454207,3.167801586966919,5.989896888313544,2.042227236275766,0.6213573812241499,894.8833269558561,3.662522831371432,0.0416834987699985,8,0.0,0.5610947696613641,Mid (2-5°)
152,161,Yellamallappa Chetty Lake,13.0256978741721,77.72832072308441,137.53985920500804,116.33843951534348,80.27268836879007,37.92980510618872,128.95189257256348,80.60182708889182,50.37613492282147,0.7975968874369105,6.901925640007968,26.743596472051788,21.324130752524574,0.5799023585214407,865.1218104050326,1.2065122091943177,267.27490234375,4,0.5836321836649606,0.2757731855000156,Low (<2°)
153,132,Seegehalli Lake,13.017299233850064,77.71306597395127,7.764172207243678,7.007776987591915,5.582003499394834,5.340064342602002,10.077843226490396,5.68953167462966,8.350834272706274,0.0432507541142881,1.5377031138196957,4.598291375505037,3.802249524797924,0.5570555747583341,871.2458403927192,2.7594611760515475,12.748985290527344,2,0.7189438037176761,0.6877828311973715,Mid (2-5°)
154,131,Saul Kere,12.9184909204776,77.68019584780986,16.636939759192373,14.26335148795035,3.825709552100187,11.049253835869584,18.696911217645383,3.988907682420818,15.35064929353552,0.0909924836152519,1.1417071477194394,6.927628895458146,6.210069327152229,0.5469304146814382,876.8223803257118,2.071848072714615,23.875478744506836,64,0.22995272012007953,0.6641397994943489,Mid (2-5°)
155,126,Rachenahalli Lake,13.062687176080775,77.6138107751643,35.803149432612415,34.35527444268471,30.623142358219425,14.953271175515669,41.95805369970933,30.72357535117554,22.482450400027105,0.1111100160177392,1.6555574217897304,9.883191029822155,11.082858012738194,0.3103358720630628,886.0744925243846,0.9336393403958914,0.0083309486508369,128,0.8553197929097651,0.41765239685576416,Low (<2°)
156,102,Lotus Pond,12.97720006805669,77.5964199762946,0.6497149484342688,0.2933561551107768,0.0,0.2933561551107768,1.052952447351693,0.0,1.052952447351693,0.0016143171946207,0.0,0.610800416840198,2.407407995491776,0.2484654537364529,917.7490755414684,3.6667288971904455,0.3083465099334717,2,0.0,0.4515151695643269,Mid (2-5°)
157,133,Seetharampalya Lake,12.982165577171244,77.7130811596254,4.022266879365211,3.00597603712593,1.454471253458659,2.042247548585281,4.910470363241457,1.4763874198973417,3.9251295715960337,0.0084955916450849,0.5760346682574702,2.098842261466731,2.6090615324162503,0.2112140218409798,891.9527665317139,5.01004541672354,0.1500055491924286,64,0.3616048604134895,0.5077354660533082,High (>5°)
158,88,Kenchanahalli Lake,12.925820503960267,77.5086028918082,1.5453444912689804,0.9728371512219796,0.0,0.9728371512219796,2.535473352343491,1.2663900337967216e-05,2.535460688443153,0.0031912991756862,0.2493572283416947,1.3373278173558851,2.276605689090903,0.2065105349465286,803.8177601060304,3.9896550334023937,3.8344247341156006,64,0.0,0.6295276921866925,Mid (2-5°)
159,105,Mallasandra Lake,13.05811650496105,77.51829399546942,4.4195419083599035,1.4023952121171142,0.0,1.4023952121171142,2.491978124482897,0.0425664509582519,2.449411673524645,0.0072273132573544,0.9665109132514904,3.3466856089024763,2.6165116477911448,0.1635308230403577,896.526699217236,2.443605911539551,0.0333246104419231,128,0.0,0.31731687156634397,Mid (2-5°)
160,87,Kempambudhi Kere,12.951775134929935,77.56030464643523,7.058608855139045,6.45636455419553,4.977343562665453,4.129074412234438,10.360913225346485,5.011507265233059,8.014907756708682,0.0032859344841452,0.3746290630086262,3.1185454306379334,5.767274512815789,0.0465521542782878,876.6119084561677,3.448942591305432,0.0166692100465297,16,0.7051451163839005,0.5849699986178226,Mid (2-5°)
161,154,Vidyaranyapura Kere,13.07620395182488,77.55462755408443,1.84936214181339,1.5847110641534343,0.0,1.5847110641534343,2.607011605677885,0.0057586465678495,2.601252959110036,0.0,0.5929379804299549,1.7465797112294112,1.808053402867536,0.0,911.2257766272188,1.472909031623214,0.0249913409352302,4,0.0,0.8568960228630762,Low (<2°)
